timestamp,open,high,low,close,volume
1783155600000,15.19,15.21,15.1,15.15,2863.41
1783159200000,15.13,15.22,15.11,15.22,1180.86
1783162800000,15.19,15.24,15.19,15.23,2860.11
1783166400000,15.2,15.24,15.2,15.22,1565.99
1783170000000,15.22,15.28,15.2,15.24,2462.66
1783173600000,15.24,15.38,15.24,15.36,8093.81
1783177200000,15.36,15.4,15.3,15.3,11249.85
1783180800000,15.32,15.38,15.29,15.36,2923.08
1783184400000,15.37,15.58,15.33,15.57,9028.4
1783188000000,15.57,15.6,15.51,15.56,5747.36
1783191600000,15.56,15.64,15.56,15.64,1452.84
1783195200000,15.62,15.65,15.53,15.56,1663.15
1783198800000,15.55,15.61,15.54,15.54,384.04
1783202400000,15.54,15.55,15.43,15.44,2116.22
1783206000000,15.44,15.46,15.32,15.38,10229.5
1783209600000,15.39,15.44,15.28,15.33,14721.83
1783213200000,15.33,15.34,15.26,15.27,2947.3
1783216800000,15.29,15.31,15.23,15.26,3042.77
1783220400000,15.25,15.29,15.23,15.26,2004.0
1783224000000,15.25,15.3,15.23,15.3,707.05
1783227600000,15.29,15.31,15.25,15.29,2096.12
1783231200000,15.28,15.28,15.23,15.28,320.93
1783234800000,15.26,15.33,15.21,15.33,748.7
1783238400000,15.33,15.36,15.21,15.23,3245.35
1783242000000,15.21,15.22,15.0,15.01,4039.97
1783245600000,15.01,15.11,14.97,15.11,1906.68
1783249200000,15.11,15.15,15.06,15.13,1089.48
1783252800000,15.11,15.23,15.08,15.2,3395.78
1783256400000,15.2,15.2,15.14,15.16,520.49
1783260000000,15.16,15.23,15.14,15.23,545.44
1783263600000,15.22,15.28,15.16,15.2,1169.01
1783267200000,15.2,15.21,15.13,15.15,818.28
1783270800000,15.15,15.25,15.14,15.22,2104.47
1783274400000,15.23,15.29,15.23,15.29,260.34
1783278000000,15.28,15.31,15.25,15.26,471.76
1783281600000,15.26,15.3,15.25,15.26,697.63
1783285200000,15.27,15.42,15.24,15.38,1415.34
1783288800000,15.37,15.52,15.31,15.5,5860.9
1783292400000,15.53,15.56,15.48,15.49,2312.32
1783296000000,15.5,15.59,15.24,15.33,18705.5
1783299600000,15.33,15.4,15.29,15.3,6244.75
1783303200000,15.3,15.35,15.16,15.2,4093.59
1783306800000,15.19,15.23,15.12,15.14,4281.41
1783310400000,15.15,15.22,15.14,15.18,2819.13
1783314000000,15.18,15.19,15.05,15.11,2031.34
1783317600000,15.12,15.14,15.05,15.11,3297.83
1783321200000,15.09,15.19,15.09,15.15,1342.52
1783324800000,15.16,15.53,15.05,15.08,14270.04
1783328400000,15.09,15.1,14.92,14.96,7343.41
1783332000000,14.96,15.12,14.96,15.08,15205.5
1783335600000,15.07,15.1,14.89,14.9,10518.75
1783339200000,14.9,14.93,14.55,14.66,54706.84
1783342800000,14.65,15.16,14.33,15.04,151380.21
1783346400000,15.04,15.25,14.95,15.1,86429.47
1783350000000,15.1,15.69,15.05,15.69,72598.69
1783353600000,15.7,16.15,15.66,15.86,78013.26
1783357200000,15.86,15.99,15.52,15.55,20819.48
1783360800000,15.55,15.67,15.44,15.48,37944.96
1783364400000,15.48,15.88,15.47,15.56,18261.05
1783368000000,15.57,15.73,15.29,15.65,75534.58
1783371600000,15.67,16.03,15.66,15.88,17756.06
1783375200000,15.9,15.93,15.8,15.83,10241.29
1783378800000,15.83,15.87,15.75,15.77,7033.56
1783382400000,15.79,15.87,15.7,15.8,3849.69
1783386000000,15.8,15.8,15.6,15.64,3555.3
1783389600000,15.63,15.65,15.47,15.49,1689.19
1783393200000,15.48,15.53,15.36,15.4,2957.74
1783396800000,15.4,15.44,15.36,15.41,2868.1
1783400400000,15.42,15.49,15.25,15.45,9085.28
1783404000000,15.47,15.6,15.4,15.58,9757.19
1783407600000,15.58,15.6,15.46,15.49,6852.01
1783411200000,15.48,15.53,15.45,15.46,1639.85
1783414800000,15.46,15.63,15.43,15.59,2931.13
1783418400000,15.59,15.69,15.53,15.55,6861.91
1783422000000,15.55,15.63,15.48,15.62,1457.27
1783425600000,15.62,15.79,15.53,15.53,6737.27
1783429200000,15.54,15.7,15.27,15.31,44544.97
1783432800000,15.28,15.38,14.97,15.33,45778.1
1783436400000,15.32,15.41,15.18,15.37,8333.02
1783440000000,15.38,15.77,15.34,15.64,19539.21
1783443600000,15.65,15.7,15.47,15.6,7227.91
1783447200000,15.61,15.61,15.08,15.09,18765.01
1783450800000,15.08,15.16,14.84,14.87,85695.21
1783454400000,14.87,14.94,14.78,14.88,59886.04
1783458000000,14.88,14.93,14.77,14.77,5505.76
1783461600000,14.77,14.78,14.59,14.74,34913.11
1783465200000,14.73,14.78,14.71,14.73,5928.71
1783468800000,14.74,14.9,14.72,14.89,4734.98
1783472400000,14.89,14.9,14.6,14.63,9409.97
1783476000000,14.63,14.73,14.54,14.71,5479.42
1783479600000,14.72,14.76,14.63,14.63,2089.95
1783483200000,14.65,14.71,14.63,14.69,2226.06
1783486800000,14.69,14.76,14.69,14.71,3521.67
1783490400000,14.71,14.71,14.59,14.63,9840.46
1783494000000,14.64,14.7,14.57,14.67,6092.21
1783497600000,14.67,14.71,14.26,14.36,45034.54
1783501200000,14.37,14.51,14.24,14.42,31995.15
1783504800000,14.43,14.53,14.35,14.47,10512.54
1783508400000,14.48,14.6,14.4,14.53,12811.26
1783512000000,14.51,14.61,14.48,14.48,8617.74
1783515600000,14.47,14.78,14.23,14.63,87911.13
1783519200000,14.62,14.66,14.28,14.34,32256.28
1783522800000,14.34,14.35,14.13,14.31,40181.22
1783526400000,14.3,14.53,14.3,14.53,12565.02
1783530000000,14.52,14.68,14.47,14.51,9616.51
1783533600000,14.52,14.63,14.5,14.59,15839.2
1783537200000,14.6,14.92,14.58,14.85,50487.95
1783540800000,14.84,14.9,14.78,14.8,5290.17
1783544400000,14.81,14.84,14.79,14.82,3703.41
1783548000000,14.83,14.89,14.81,14.83,1949.54
1783551600000,14.83,14.91,14.82,14.9,3684.06
1783555200000,14.9,14.92,14.85,14.86,12495.78
1783558800000,14.86,15.0,14.77,14.78,23426.18
1783562400000,14.78,14.89,14.72,14.74,8719.16
1783566000000,14.74,14.77,14.57,14.7,9134.14
1783569600000,14.67,14.83,14.67,14.83,13994.66
1783573200000,14.83,14.94,14.8,14.94,3664.02
1783576800000,14.94,15.06,14.91,15.05,2278.95
1783580400000,15.05,15.11,15.0,15.04,8293.93
1783584000000,15.02,15.09,15.01,15.02,2977.95
1783587600000,15.02,15.04,14.97,14.98,1549.57
1783591200000,15.0,15.01,14.88,14.92,2741.98
1783594800000,14.92,14.95,14.85,14.94,1323.71
1783598400000,14.92,14.95,14.81,14.85,6178.12
1783602000000,14.85,14.93,14.54,14.84,25318.06
1783605600000,14.87,14.88,14.59,14.78,16862.58
1783609200000,14.79,14.87,14.74,14.78,17147.82
1783612800000,14.79,14.82,14.58,14.66,14883.33
1783616400000,14.67,14.77,14.65,14.69,11115.28
1783620000000,14.69,14.9,14.67,14.77,12816.94
1783623600000,14.78,14.81,14.64,14.7,10823.32
1783627200000,14.7,14.8,14.7,14.77,4112.93
1783630800000,14.78,14.78,14.71,14.75,3574.91
1783634400000,14.76,14.8,14.73,14.75,5506.28
1783638000000,14.75,14.78,14.68,14.77,2766.37
1783641600000,14.75,14.77,14.62,14.67,7919.63
1783645200000,14.69,14.95,14.64,14.93,8610.09
1783648800000,14.92,15.02,14.88,15.01,5417.19
1783652400000,15.02,15.04,14.96,15.02,1871.66
1783656000000,15.03,15.09,14.97,14.99,4607.17
1783659600000,15.0,15.05,14.98,14.98,1005.55
1783663200000,14.99,15.02,14.88,14.94,6213.19
1783666800000,14.95,14.95,14.9,14.94,624.53
1783670400000,14.95,15.1,14.93,15.08,5999.16
1783674000000,15.09,15.25,15.04,15.19,4094.76
1783677600000,15.18,15.3,15.17,15.18,10377.19
1783681200000,15.18,15.32,15.17,15.25,8510.41
1783684800000,15.26,15.32,15.16,15.16,9529.29
1783688400000,15.16,15.55,15.15,15.33,64774.71
1783692000000,15.32,15.43,15.0,15.03,98135.99
1783695600000,15.05,15.23,14.99,15.1,34524.15
1783699200000,15.11,15.33,15.05,15.3,16711.63
1783702800000,15.29,15.32,15.0,15.02,9865.21
1783706400000,15.01,15.21,14.99,15.03,11948.73
1783710000000,15.03,15.12,14.97,14.97,13445.03
1783713600000,14.98,15.08,14.98,15.05,1010.04
1783717200000,15.03,15.1,15.03,15.06,777.96
1783720800000,15.07,15.07,15.02,15.03,162.5
1783724400000,15.02,15.09,15.01,15.09,529.69
1783728000000,15.08,15.1,15.01,15.05,905.71
1783731600000,15.05,15.1,15.01,15.03,1804.34
1783735200000,15.04,15.11,15.0,15.09,962.43
1783738800000,15.09,15.11,15.07,15.08,588.51
1783742400000,15.09,15.11,15.07,15.08,89.76
1783746000000,15.08,15.12,15.07,15.11,198.83
1783749600000,15.09,15.15,15.08,15.09,894.66
1783753200000,15.08,15.13,15.08,15.11,263.42
1783756800000,15.11,15.14,15.09,15.12,755.35
1783760400000,15.11,15.22,15.09,15.19,3925.35
1783764000000,15.19,15.23,15.14,15.16,1678.8
1783767600000,15.16,15.22,15.15,15.22,350.31
1783771200000,15.21,15.21,15.18,15.18,162.68
1783774800000,15.17,15.18,15.0,15.08,6159.66
1783778400000,15.09,15.2,15.05,15.15,7103.79
1783782000000,15.14,15.27,15.11,15.19,5379.02
1783785600000,15.17,15.25,15.15,15.23,1107.92
1783789200000,15.22,15.32,15.22,15.3,3105.6
1783792800000,15.29,15.32,15.25,15.28,1416.49
1783796400000,15.28,15.31,15.22,15.3,1073.54
1783800000000,15.28,15.31,15.27,15.3,691.41
1783803600000,15.29,15.34,15.26,15.27,1906.04
1783807200000,15.3,15.33,15.25,15.27,1475.25
1783810800000,15.29,15.3,15.08,15.1,5311.16
1783814400000,15.1,15.13,14.99,15.02,2375.34
1783818000000,15.01,15.23,15.01,15.23,2443.88
1783821600000,15.23,15.25,15.18,15.24,913.75
1783825200000,15.23,15.3,15.18,15.23,1933.3
1783828800000,15.23,15.24,15.15,15.18,1267.45
1783832400000,15.18,15.18,14.97,15.02,6743.18
1783836000000,15.02,15.1,14.95,15.05,2898.26
1783839600000,15.06,15.11,14.93,15.0,6359.48
1783843200000,14.99,15.24,14.98,15.19,12046.55
1783846800000,15.19,15.24,15.1,15.15,3578.68
1783850400000,15.15,15.16,15.09,15.11,1114.51
1783854000000,15.12,15.17,15.09,15.15,1230.6
1783857600000,15.15,15.23,15.14,15.2,4317.03
1783861200000,15.19,15.23,15.17,15.21,1934.46
1783864800000,15.19,15.26,15.17,15.26,1638.02
1783868400000,15.26,15.36,15.24,15.34,2201.49
1783872000000,15.34,15.34,15.29,15.32,1082.56
1783875600000,15.32,15.32,15.26,15.26,1027.82
1783879200000,15.26,15.29,15.24,15.29,1340.89
1783882800000,15.29,15.36,15.28,15.33,1310.0
1783886400000,15.33,15.35,15.23,15.27,1884.54
1783890000000,15.25,15.28,15.22,15.24,1425.78
1783893600000,15.23,15.24,15.05,15.16,4877.18
1783897200000,15.16,15.25,15.15,15.22,1906.26
1783900800000,15.21,15.53,15.07,15.33,21754.89
1783904400000,15.32,15.35,15.15,15.16,7574.07
1783908000000,15.15,15.22,15.09,15.14,3983.33
1783911600000,15.13,15.14,14.95,14.98,3453.22
1783915200000,14.98,14.99,14.91,14.94,3202.84
1783918800000,14.93,15.02,14.88,14.93,6136.68
1783922400000,14.94,14.96,14.89,14.91,757.51
1783926000000,14.91,15.03,14.91,15.02,1051.53
1783929600000,15.0,15.05,14.93,15.0,3927.87
1783933200000,15.01,15.02,14.95,14.97,3064.69
1783936800000,14.97,14.98,14.82,14.84,3400.6
1783940400000,14.83,14.9,14.8,14.85,22323.06
1783944000000,14.83,14.89,14.71,14.78,67148.32
1783947600000,14.78,14.91,14.4,14.56,162657.14
1783951200000,14.56,14.72,14.4,14.72,25450.63
1783954800000,14.72,14.79,14.59,14.6,17258.42
1783958400000,14.62,14.66,14.38,14.48,19435.1
1783962000000,14.49,14.61,14.36,14.36,4060.99
1783965600000,14.37,14.52,14.32,14.44,5574.46
1783969200000,14.45,14.64,14.39,14.61,8691.55
1783972800000,14.62,14.65,14.57,14.6,4166.31
1783976400000,14.62,14.62,14.52,14.57,3104.31
1783980000000,14.57,14.63,14.54,14.55,1155.1
1783983600000,14.56,14.58,14.44,14.56,9135.8
1783987200000,14.58,14.71,14.49,14.71,4283.58
1783990800000,14.69,14.76,14.68,14.71,3162.0
1783994400000,14.7,14.72,14.6,14.66,3894.2
1783998000000,14.65,14.65,14.52,14.62,2107.61
1784001600000,14.63,14.71,14.62,14.68,2594.46
1784005200000,14.67,14.78,14.67,14.72,3354.37
1784008800000,14.72,14.74,14.68,14.68,683.65
1784012400000,14.7,14.7,14.63,14.66,798.17
1784016000000,14.67,14.74,14.61,14.7,3218.28
1784019600000,14.69,14.7,14.62,14.69,2261.65
1784023200000,14.69,14.79,14.67,14.77,2688.83
1784026800000,14.78,14.78,14.68,14.7,4171.7
1784030400000,14.71,15.29,14.65,15.28,32393.51
1784034000000,15.27,16.08,15.19,15.93,204745.54
1784037600000,15.94,16.31,15.82,16.28,120834.63
1784041200000,16.28,16.32,15.99,16.07,47543.56
1784044800000,16.07,16.23,15.97,16.02,12350.53
1784048400000,16.01,16.2,15.85,16.12,9831.77
1784052000000,16.13,16.32,16.13,16.18,7376.96
1784055600000,16.19,16.37,16.15,16.33,12973.04
1784059200000,16.32,16.36,15.87,16.29,72698.55
1784062800000,16.28,16.34,16.21,16.25,11442.53
1784066400000,16.25,16.48,16.22,16.32,11256.78
1784070000000,16.33,16.49,16.29,16.47,9711.9
1784073600000,16.47,16.56,16.28,16.36,19877.62
1784077200000,16.36,16.36,16.24,16.25,3301.96
1784080800000,16.26,16.32,16.24,16.25,4036.87
1784084400000,16.26,16.4,16.25,16.37,4410.82
1784088000000,16.38,16.41,16.34,16.37,2882.68
1784091600000,16.37,16.45,16.26,16.42,12008.61
1784095200000,16.43,16.54,16.39,16.4,9124.79
1784098800000,16.38,16.38,16.21,16.29,4076.1
1784102400000,16.29,16.53,16.29,16.44,13491.06
1784106000000,16.44,16.5,16.37,16.37,4242.8
1784109600000,16.37,16.45,16.33,16.36,1868.9
1784113200000,16.37,16.43,16.35,16.43,5169.68
1784116800000,16.43,16.87,16.31,16.74,42793.96
1784120400000,16.75,16.96,16.02,16.14,232800.01
1784124000000,16.15,16.36,15.97,16.36,67123.16
1784127600000,16.35,16.4,16.02,16.06,53546.71
1784131200000,16.06,16.1,15.72,15.96,71126.83
1784134800000,15.94,16.07,15.93,15.99,19538.8
1784138400000,15.98,16.11,15.8,15.82,24574.35
1784142000000,15.83,15.96,15.68,15.82,38891.39
1784145600000,15.82,15.95,15.81,15.91,6644.31
1784149200000,15.91,15.94,15.84,15.85,1947.55
1784152800000,15.87,15.9,15.83,15.86,6929.53
1784156400000,15.86,15.9,15.76,15.78,2629.14
1784160000000,15.78,15.9,15.71,15.79,7454.58
1784163600000,15.79,15.88,15.68,15.87,7202.0
1784167200000,15.87,15.91,15.84,15.89,2693.54
1784170800000,15.91,15.95,15.83,15.84,2319.75
1784174400000,15.85,15.87,15.79,15.84,1483.99
1784178000000,15.84,15.94,15.82,15.91,1241.29
1784181600000,15.9,15.92,15.79,15.79,4279.3
1784185200000,15.81,15.81,15.6,15.63,12650.24
1784188800000,15.63,15.71,15.32,15.48,64173.27
1784192400000,15.5,15.54,15.44,15.47,3641.22
1784196000000,15.47,15.5,15.42,15.48,4151.7
1784199600000,15.47,15.57,15.43,15.54,13034.06
1784203200000,15.53,15.56,15.34,15.44,14961.57
1784206800000,15.42,15.77,15.09,15.2,228114.11
1784210400000,15.21,15.65,15.18,15.55,32097.29
1784214000000,15.56,15.81,15.45,15.67,29666.05
1784217600000,15.65,15.71,15.54,15.63,8308.86
1784221200000,15.62,15.71,15.48,15.56,20005.23
1784224800000,15.56,15.74,15.54,15.6,19239.73
1784228400000,15.61,15.65,15.33,15.47,10668.73
1784232000000,15.47,15.48,15.38,15.46,6313.54
1784235600000,15.44,15.51,15.44,15.48,3125.53
1784239200000,15.48,15.48,15.35,15.35,3065.27
1784242800000,15.37,15.37,15.27,15.31,3211.4
1784246400000,15.32,15.36,15.25,15.34,1621.48
1784250000000,15.36,15.42,15.17,15.19,4482.8
1784253600000,15.19,15.23,15.05,15.1,12763.61
1784257200000,15.1,15.26,15.09,15.21,2691.2
1784260800000,15.2,15.2,15.1,15.17,6185.89
1784264400000,15.15,15.16,14.86,14.88,22774.07
1784268000000,14.88,15.0,14.86,14.98,4277.09
1784271600000,14.98,15.0,14.9,14.98,5332.58
1784275200000,14.96,15.02,14.79,15.0,12974.62
1784278800000,14.98,15.06,14.97,15.05,5915.83
1784282400000,15.04,15.2,15.04,15.13,9032.01
1784286000000,15.13,15.18,15.04,15.11,5153.1
1784289600000,15.09,15.12,14.96,15.0,7676.37
1784293200000,14.99,15.17,14.68,15.13,60526.03
1784296800000,15.13,15.34,15.07,15.14,114330.59
1784300400000,15.14,15.14,14.92,15.13,15074.98
1784304000000,15.13,15.68,15.06,15.63,48482.48
1784307600000,15.64,15.87,15.59,15.7,27511.14
1784311200000,15.71,15.77,15.49,15.66,7614.49
1784314800000,15.65,15.74,15.52,15.68,4756.24
1784318400000,15.66,15.71,15.6,15.7,6856.52
1784322000000,15.7,15.73,15.68,15.7,638.68
1784325600000,15.71,15.77,15.68,15.7,2416.9
1784329200000,15.69,15.7,15.62,15.68,7380.57
1784332800000,15.68,15.68,15.64,15.65,2071.16
1784336400000,15.65,15.7,15.65,15.67,763.62
1784340000000,15.67,15.68,15.64,15.65,847.82
1784343600000,15.65,15.68,15.64,15.68,1121.39
1784347200000,15.68,15.68,15.65,15.67,127.66
1784350800000,15.67,15.68,15.64,15.66,364.91
1784354400000,15.66,15.68,15.64,15.65,267.63
1784358000000,15.66,15.67,15.65,15.65,76.23
1784361600000,15.66,15.67,15.65,15.66,115.77
1784365200000,15.66,15.68,15.64,15.67,511.99
1784368800000,15.68,15.7,15.67,15.68,144.1
1784372400000,15.69,15.7,15.67,15.7,289.7
1784376000000,15.7,15.74,15.68,15.74,554.98
1784379600000,15.73,15.73,15.63,15.69,782.24
1784383200000,15.7,15.7,15.67,15.68,221.16
1784386800000,15.69,15.72,15.68,15.7,339.24
1784390400000,15.69,15.73,15.65,15.73,659.82
1784394000000,15.74,15.77,15.72,15.76,208.33
1784397600000,15.76,15.83,15.75,15.81,2399.43
1784401200000,15.81,15.88,15.81,15.86,1229.81
1784404800000,15.87,15.89,15.81,15.87,1044.15
1784408400000,15.88,15.93,15.86,15.92,1454.22
1784412000000,15.92,15.93,15.87,15.9,2343.62
1784415600000,15.89,15.91,15.87,15.89,174.08
1784419200000,15.91,15.91,15.88,15.9,231.1
1784422800000,15.89,15.9,15.88,15.89,51.04
1784426400000,15.89,15.97,15.87,15.89,3220.95
1784430000000,15.91,15.92,15.83,15.85,716.15
1784433600000,15.85,15.86,15.8,15.84,1356.36
1784437200000,15.86,15.86,15.82,15.85,133.8
1784440800000,15.84,15.86,15.82,15.83,898.63
1784444400000,15.84,15.86,15.84,15.84,84.36
1784448000000,15.84,15.88,15.84,15.87,12.4
1784451600000,15.87,15.88,15.8,15.81,385.72
1784455200000,15.83,15.9,15.83,15.89,206.55
1784458800000,15.89,15.9,15.84,15.84,1260.95
1784462400000,15.85,15.87,15.8,15.85,574.58
1784466000000,15.84,15.89,15.82,15.89,369.85
1784469600000,15.88,15.91,15.85,15.91,413.41
1784473200000,15.89,16.07,15.88,16.0,11098.67
1784476800000,16.0,16.0,15.96,15.97,626.43
1784480400000,15.97,16.0,15.88,15.97,2384.11
1784484000000,15.97,15.98,15.87,15.89,1590.74
1784487600000,15.9,15.9,15.86,15.89,878.48
1784491200000,15.88,15.9,15.85,15.86,692.23
1784494800000,15.86,15.86,15.84,15.84,46.06
1784498400000,15.86,15.96,15.84,15.87,1685.78
1784502000000,15.88,15.91,15.85,15.91,645.34
1784505600000,15.91,16.09,15.8,15.93,10898.82
1784509200000,15.94,16.09,15.87,15.91,2625.8
1784512800000,15.91,16.02,15.88,15.95,2377.26
1784516400000,15.96,15.96,15.89,15.95,528.22
1784520000000,15.95,15.95,15.88,15.89,2095.36
1784523600000,15.88,15.88,15.66,15.71,2950.88
1784527200000,15.71,15.72,15.58,15.61,2939.01
1784530800000,15.62,15.83,15.62,15.8,820.32
1784534400000,15.81,15.85,15.67,15.72,4124.97
1784538000000,15.73,15.82,15.67,15.78,2928.85
1784541600000,15.78,15.82,15.77,15.81,1479.47
1784545200000,15.81,16.18,15.81,16.09,31666.28
1784548800000,16.08,16.13,15.98,16.12,45647.24
1784552400000,16.11,16.49,15.94,16.24,118810.95
1784556000000,16.22,16.35,15.88,16.01,28711.91
1784559600000,16.02,16.74,16.01,16.72,59439.91
1784563200000,16.71,16.82,16.64,16.7,23249.51
1784566800000,16.69,16.82,16.62,16.82,13040.36
1784570400000,16.81,16.9,16.46,16.5,12821.76
1784574000000,16.5,16.69,16.39,16.63,30899.2
1784577600000,16.63,16.79,16.63,16.76,9562.16
1784581200000,16.74,16.75,16.69,16.7,2795.89
1784584800000,16.7,16.71,16.58,16.59,1885.31
1784588400000,16.59,16.67,16.59,16.66,4932.18
1784592000000,16.67,16.84,16.64,16.78,6986.1
1784595600000,16.77,16.87,16.69,16.7,9619.41
1784599200000,16.7,16.85,16.69,16.82,3162.04
1784602800000,16.81,16.95,16.81,16.91,7184.99
1784606400000,16.9,16.94,16.84,16.86,2254.13
1784610000000,16.85,17.0,16.82,16.98,2944.52
1784613600000,16.98,17.08,16.95,17.02,7749.43
1784617200000,17.02,17.05,16.97,16.99,4324.32
1784620800000,16.99,17.2,16.99,17.07,21744.01
1784624400000,17.06,17.11,16.95,17.03,8194.12
1784628000000,17.04,17.09,16.96,16.98,4007.82
1784631600000,16.98,17.09,16.98,17.04,8929.53
1784635200000,17.03,17.09,16.99,17.04,10752.19
1784638800000,17.03,17.07,16.72,17.01,32337.94
1784642400000,17.0,17.16,16.89,17.06,25028.57
1784646000000,17.05,17.2,16.92,17.03,11447.47
1784649600000,17.03,17.06,16.73,16.84,6965.73
1784653200000,16.83,16.99,16.83,16.89,14996.5
1784656800000,16.9,16.94,16.77,16.79,4624.59
1784660400000,16.79,17.26,16.77,17.23,7590.67
1784664000000,17.24,17.25,17.18,17.22,7224.18
1784667600000,17.22,17.28,17.19,17.21,3662.26
1784671200000,17.21,17.22,17.14,17.15,2256.54
1784674800000,17.16,17.25,17.14,17.24,5044.57
1784678400000,17.25,17.54,17.23,17.45,67090.19
1784682000000,17.45,17.46,17.4,17.43,41807.94
1784685600000,17.42,17.43,17.29,17.35,17338.13
1784689200000,17.34,17.39,17.28,17.32,1759.65
1784692800000,17.32,17.4,17.31,17.35,5973.34
1784696400000,17.34,17.35,17.1,17.11,12126.66
1784700000000,17.12,17.12,16.96,17.03,13536.47
1784703600000,17.04,17.05,16.98,17.0,1568.53
1784707200000,17.01,17.17,17.01,17.08,1799.27
1784710800000,17.08,17.17,17.07,17.11,3267.51
1784714400000,17.11,17.27,17.1,17.23,1280.85
1784718000000,17.24,17.28,17.08,17.11,2548.84
1784721600000,17.13,17.13,16.87,16.92,6210.26
1784725200000,16.91,18.04,16.9,18.02,52470.49
1784728800000,18.01,18.32,17.52,17.65,59718.45
1784732400000,17.66,17.98,17.64,17.75,12927.96
1784736000000,17.74,17.92,17.64,17.78,13522.58
1784739600000,17.78,17.85,17.45,17.46,3940.37
1784743200000,17.45,17.72,17.25,17.69,14437.01
1784746800000,17.67,17.77,17.57,17.75,3750.59
1784750400000,17.74,17.82,17.71,17.75,3353.79
1784754000000,17.75,17.78,17.71,17.78,869.25
1784757600000,17.79,17.79,17.71,17.76,749.5
1784761200000,17.76,17.76,17.64,17.75,906.73
1784764800000,17.76,17.88,17.69,17.77,8238.84
1784768400000,17.76,17.83,17.65,17.73,6412.58
1784772000000,17.73,17.73,17.65,17.7,1509.19
1784775600000,17.71,17.73,17.64,17.7,2990.46
1784779200000,17.69,17.74,17.67,17.7,946.03
1784782800000,17.7,17.73,17.59,17.64,6580.89
1784786400000,17.65,17.7,17.65,17.7,959.64
1784790000000,17.69,17.69,17.44,17.52,9404.51
1784793600000,17.51,17.74,17.51,17.74,3441.74
1784797200000,17.74,17.78,17.64,17.64,2549.17
1784800800000,17.64,17.7,17.62,17.67,1449.13
1784804400000,17.69,17.7,17.48,17.53,7717.18
1784808000000,17.53,17.54,17.16,17.31,29951.16
1784811600000,17.3,17.87,17.13,17.49,67114.74
1784815200000,17.5,17.66,16.58,16.6,104414.46
1784818800000,16.61,16.62,16.35,16.54,35912.53
1784822400000,16.55,16.61,16.34,16.43,12484.68
1784826000000,16.43,16.66,16.42,16.44,11653.4
1784829600000,16.45,16.64,16.32,16.55,21409.11
1784833200000,16.55,16.83,16.36,16.62,28189.02
1784836800000,16.61,16.95,16.6,16.83,6829.66
1784840400000,16.82,16.85,16.62,16.67,2518.57
1784844000000,16.67,16.69,16.59,16.65,1987.81
1784847600000,16.64,16.68,16.58,16.6,2306.69
1784851200000,16.6,16.76,16.56,16.63,7248.02
1784854800000,16.64,16.74,16.63,16.65,2347.36
1784858400000,16.65,16.65,16.5,16.51,2153.3
1784862000000,16.53,16.67,16.5,16.67,1824.75
1784865600000,16.68,16.71,16.63,16.64,2584.88
1784869200000,16.66,16.75,16.65,16.73,2561.53
1784872800000,16.72,16.79,16.68,16.77,8238.68
1784876400000,16.77,16.97,16.76,16.91,10454.36
1784880000000,16.9,16.91,16.77,16.82,8324.81
1784883600000,16.81,16.84,16.69,16.81,4176.39
1784887200000,16.83,16.83,16.73,16.76,4353.18
1784890800000,16.74,16.77,16.61,16.73,2769.06
1784894400000,16.72,16.79,16.61,16.62,2741.26
1784898000000,16.61,16.69,15.68,15.76,70506.28
1784901600000,15.77,15.98,15.54,15.82,22663.62
1784905200000,15.82,16.08,15.7,15.98,25239.84
1784908800000,15.99,16.13,15.9,15.94,3895.74
1784912400000,15.93,16.03,15.81,15.81,5228.03
1784916000000,15.8,15.81,15.58,15.65,9541.32
1784919600000,15.63,15.92,15.59,15.83,9321.37
1784923200000,15.84,15.91,15.83,15.87,1948.76
1784926800000,15.88,15.9,15.84,15.86,829.06
1784930400000,15.86,15.87,15.8,15.82,1393.66
1784934000000,15.82,15.85,15.78,15.81,1158.21
1784937600000,15.8,15.98,15.8,15.93,4142.74
1784941200000,15.95,15.98,15.93,15.94,611.92
1784944800000,15.95,15.97,15.92,15.96,623.21
1784948400000,15.95,15.96,15.94,15.95,236.73
1784952000000,15.96,16.0,15.94,15.97,1462.77
1784955600000,15.97,15.98,15.93,15.93,284.52
1784959200000,15.95,15.96,15.91,15.91,1284.73
1784962800000,15.91,15.92,15.89,15.91,118.49
1784966400000,15.9,15.9,15.81,15.81,1157.67
1784970000000,15.82,15.84,15.81,15.83,372.11
1784973600000,15.84,15.85,15.81,15.84,133.42
1784977200000,15.84,16.01,15.84,16.0,3052.25
1784980800000,16.01,16.03,15.98,16.0,1378.86
1784984400000,16.01,16.06,16.0,16.03,490.28
1784988000000,16.03,16.03,15.99,15.99,1523.08
1784991600000,15.99,16.0,15.99,16.0,96.83
1784995200000,15.99,16.01,15.99,16.01,714.57
1784998800000,16.01,16.02,16.0,16.01,917.33
1785002400000,16.01,16.04,16.01,16.02,562.08
1785006000000,16.03,16.04,16.02,16.04,170.18
1785009600000,16.03,16.04,16.02,16.02,182.32
1785013200000,16.03,16.03,16.0,16.01,82.7
1785016800000,16.02,16.05,16.02,16.05,377.53
1785020400000,16.05,16.06,16.04,16.04,438.94
1785024000000,16.04,16.1,16.04,16.1,568.14
1785027600000,16.08,16.11,16.08,16.09,679.65
1785031200000,16.09,16.1,16.08,16.1,182.83
1785034800000,16.09,16.1,16.06,16.08,196.22
1785038400000,16.08,16.15,16.08,16.12,664.93
1785042000000,16.13,16.14,16.09,16.11,1809.5
1785045600000,16.12,16.14,16.09,16.13,603.11
1785049200000,16.12,16.14,16.09,16.12,1651.8
1785052800000,16.1,16.12,16.1,16.11,47.01
1785056400000,16.11,16.13,16.1,16.11,304.16
1785060000000,16.11,16.16,16.1,16.14,962.71
1785063600000,16.15,16.2,16.13,16.17,1830.33
1785067200000,16.18,16.23,16.17,16.2,2725.82
1785070800000,16.2,16.23,16.18,16.21,997.69
1785074400000,16.21,16.25,16.2,16.23,1146.8
1785078000000,16.24,16.37,16.23,16.36,8123.69
1785081600000,16.37,16.43,16.35,16.37,5685.91
1785085200000,16.35,16.35,16.25,16.27,1513.36
1785088800000,16.27,16.3,16.23,16.29,1713.53
1785092400000,16.28,16.3,16.27,16.3,115.59
1785096000000,16.28,16.3,16.28,16.29,168.27
1785099600000,16.3,16.35,16.28,16.33,1264.89
1785103200000,16.34,16.56,16.32,16.53,9518.48
1785106800000,16.54,16.64,16.5,16.61,8390.53
1785110400000,16.62,16.87,16.59,16.62,34125.72
1785114000000,16.61,16.65,16.53,16.63,8986.54
1785117600000,16.63,16.69,16.58,16.61,2942.04
1785121200000,16.62,16.68,16.59,16.65,3445.95
1785124800000,16.64,16.78,16.64,16.73,7773.21
1785128400000,16.71,16.82,16.65,16.82,6293.94
1785132000000,16.81,16.88,16.79,16.85,7349.77
1785135600000,16.85,16.88,16.75,16.77,3269.33
1785139200000,16.77,16.92,16.73,16.87,14839.76
1785142800000,16.87,16.87,16.75,16.81,35834.12
1785146400000,16.81,16.84,16.77,16.81,4395.75
1785150000000,16.8,16.82,16.62,16.69,15600.53
1785153600000,16.68,16.75,16.55,16.67,20792.74
1785157200000,16.68,18.03,16.59,17.68,220348.47
1785160800000,17.68,17.99,17.36,17.59,78344.85
1785164400000,17.59,17.65,17.35,17.37,29070.95
1785168000000,17.38,17.92,17.38,17.65,30045.08
1785171600000,17.66,17.81,17.48,17.79,11195.42
1785175200000,17.79,18.0,17.73,17.96,26488.49
1785178800000,17.96,18.35,17.91,17.94,50202.5
1785182400000,17.93,18.01,17.83,17.92,7859.32
1785186000000,17.93,17.97,17.88,17.91,1551.63
1785189600000,17.91,17.93,17.39,17.42,13728.38
1785193200000,17.41,17.48,17.28,17.31,26566.96
1785196800000,17.3,17.39,17.17,17.18,15414.57
1785200400000,17.18,17.3,17.02,17.2,28687.85
1785204000000,17.18,17.38,17.15,17.2,4806.5
1785207600000,17.2,17.31,17.13,17.3,6421.02
1785211200000,17.3,17.32,17.23,17.27,2231.36
1785214800000,17.27,17.35,17.25,17.27,2271.91
1785218400000,17.28,17.34,17.21,17.32,5814.66
1785222000000,17.32,17.35,17.2,17.25,4780.83
1785225600000,17.25,17.28,17.08,17.2,8720.23
1785229200000,17.19,17.26,17.04,17.07,11693.66
1785232800000,17.06,17.12,17.0,17.05,8938.84
1785236400000,17.05,17.19,16.95,17.14,10660.83
1785240000000,17.13,17.31,17.1,17.3,6303.16
1785243600000,17.3,17.31,16.35,16.63,116278.69
1785247200000,16.63,17.43,16.55,17.34,31284.34
1785250800000,17.36,17.88,17.24,17.81,23529.27
1785254400000,17.81,17.91,17.67,17.86,47933.49
1785258000000,17.84,17.86,17.57,17.62,46032.95
1785261600000,17.63,17.68,17.35,17.39,27491.96
1785265200000,17.39,17.6,17.38,17.58,10506.14
1785268800000,17.58,17.91,17.57,17.68,15815.21
1785272400000,17.68,17.72,17.64,17.71,1757.03
1785276000000,17.71,17.75,17.52,17.52,4299.37
1785279600000,17.51,17.69,17.44,17.66,8003.9
1785283200000,17.66,17.76,17.64,17.66,10100.59
1785286800000,17.65,17.67,17.39,17.4,4662.31
1785290400000,17.39,17.58,17.33,17.36,11557.66
1785294000000,17.36,17.43,17.14,17.16,11956.34
1785297600000,17.17,17.4,17.04,17.38,22423.39
1785301200000,17.39,17.51,17.33,17.49,7489.4
1785304800000,17.49,17.64,17.47,17.64,4781.81
1785308400000,17.64,17.66,17.58,17.66,4193.08
1785312000000,17.66,17.74,17.55,17.69,7051.72
1785315600000,17.7,17.82,17.67,17.8,8195.04
1785319200000,17.79,17.84,17.63,17.64,10212.18
1785322800000,17.65,17.74,17.64,17.66,7382.87
1785326400000,17.66,17.66,17.42,17.52,9922.48
1785330000000,17.51,17.58,17.16,17.36,49611.23
1785333600000,17.36,17.46,17.02,17.1,22241.34
1785337200000,17.11,17.24,16.95,17.03,8120.85
1785340800000,17.04,17.11,16.85,17.0,12223.69
1785344400000,17.01,17.23,16.96,17.21,12960.47
1785348000000,17.21,17.64,17.07,17.6,80342.54
1785351600000,17.61,17.76,16.58,16.62,75160.68
1785355200000,16.63,16.75,16.5,16.62,24488.16
1785358800000,16.61,16.68,16.46,16.66,21303.23
1785362400000,16.67,16.86,16.66,16.77,12061.43
1785366000000,16.78,16.82,16.75,16.81,4317.18
1785369600000,16.82,16.96,16.66,16.72,7963.62
1785373200000,16.73,17.02,16.72,16.96,10332.7
1785376800000,16.96,16.98,16.81,16.81,2620.43
1785380400000,16.81,16.88,16.78,16.81,2559.31
1785384000000,16.81,16.82,16.66,16.66,2341.29
1785387600000,16.66,16.78,16.58,16.74,3557.06
1785391200000,16.75,16.78,16.69,16.7,2139.81
1785394800000,16.7,16.77,16.69,16.72,2567.91
1785398400000,16.73,16.88,16.69,16.82,2014.19
1785402000000,16.83,16.98,16.83,16.85,10947.89
1785405600000,16.86,16.92,16.84,16.86,2587.74
1785409200000,16.87,17.19,16.86,17.1,25409.55
1785412800000,17.1,17.19,17.03,17.12,10295.27
1785416400000,17.11,17.86,16.92,17.59,133038.42
1785420000000,17.58,17.7,17.38,17.49,71882.3
1785423600000,17.5,17.78,17.43,17.62,20337.97
1785427200000,17.63,17.85,17.63,17.81,7183.23
1785430800000,17.82,17.96,17.71,17.96,31092.01
1785434400000,17.96,18.01,17.84,17.89,3841.59
1785438000000,17.89,18.25,17.88,18.1,20888.87
1785441600000,18.1,18.17,18.0,18.0,7703.77
1785445200000,17.99,18.04,17.94,17.96,1961.68
1785448800000,17.95,18.1,17.94,18.08,2054.76
1785452400000,18.08,18.12,18.05,18.1,4143.01
1785456000000,18.09,18.09,17.96,17.96,3381.36
1785459600000,17.97,18.22,17.86,17.91,20873.52
1785463200000,17.92,17.92,17.68,17.71,12340.18
1785466800000,17.7,17.92,17.66,17.91,6501.89
1785470400000,17.9,17.92,17.83,17.89,1143.08
1785474000000,17.89,17.93,17.79,17.87,2545.85
1785477600000,17.86,17.89,17.75,17.79,1229.79
1785481200000,17.78,17.8,17.55,17.59,6639.52
1785484800000,17.59,17.71,17.59,17.66,14914.42
1785488400000,17.66,17.7,17.52,17.56,2927.29
1785492000000,17.55,17.62,17.49,17.59,1903.52
1785495600000,17.6,17.85,17.58,17.72,11377.28
1785499200000,17.73,17.73,17.43,17.66,51823.94
1785502800000,17.66,17.76,16.74,16.85,155572.04
1785506400000,16.86,16.95,16.57,16.9,86853.45
1785510000000,16.9,16.95,16.75,16.85,22436.16
1785513600000,16.85,16.99,16.81,16.94,7075.31
1785517200000,16.93,17.32,16.93,17.25,10551.7
1785520800000,17.24,17.28,17.05,17.26,4431.35
1785524400000,17.27,17.37,17.15,17.31,13376.99
1785528000000,17.3,17.38,17.2,17.21,38704.98
1785531600000,17.22,17.23,17.11,17.15,3419.1
1785535200000,17.16,17.17,17.07,17.12,4652.06
1785538800000,17.12,17.16,17.1,17.11,954.13
1785542400000,17.11,17.22,17.11,17.18,1530.44
1785546000000,17.18,17.19,17.16,17.19,304.87
1785549600000,17.19,17.27,17.19,17.21,1198.07
1785553200000,17.22,17.22,17.18,17.19,486.49
1785556800000,17.2,17.2,17.17,17.2,419.32
1785560400000,17.21,17.21,17.17,17.2,210.26
1785564000000,17.19,17.22,17.15,17.21,3239.34
1785567600000,17.2,17.21,17.16,17.18,499.23
1785571200000,17.19,17.22,17.18,17.18,429.91
1785574800000,17.19,17.21,17.13,17.17,1788.78
1785578400000,17.17,17.17,17.03,17.14,5697.91
1785582000000,17.14,17.18,17.12,17.13,470.56
1785585600000,17.14,17.18,17.14,17.17,343.54
1785589200000,17.17,17.18,17.13,17.17,1276.29
1785592800000,17.17,17.23,17.14,17.23,531.69
1785596400000,17.23,17.23,17.14,17.14,1124.06
1785600000000,17.15,17.17,17.1,17.12,1154.01
1785603600000,17.12,17.14,17.04,17.08,3287.33
1785607200000,17.08,17.09,16.92,17.06,34216.78
1785610800000,17.07,17.08,16.99,17.06,2946.05
1785614400000,17.05,17.08,17.02,17.07,797.3
1785618000000,17.07,17.14,17.07,17.14,978.77
1785621600000,17.14,17.16,17.12,17.15,1307.96
1785625200000,17.15,17.15,17.1,17.13,1593.38
1785628800000,17.13,17.19,17.12,17.12,859.66
1785632400000,17.13,17.24,17.13,17.21,1462.35
1785636000000,17.2,17.46,17.18,17.39,6893.11
1785639600000,17.39,17.42,17.34,17.39,1648.3
1785643200000,17.38,17.45,17.38,17.43,603.52
1785646800000,17.44,17.44,17.39,17.41,769.47
1785650400000,17.4,17.42,17.39,17.4,350.06
1785654000000,17.39,17.41,17.34,17.35,1157.49
1785657600000,17.36,17.36,17.24,17.24,1891.83
1785661200000,17.25,17.25,17.12,17.19,4122.12
1785664800000,17.19,17.19,17.13,17.17,2123.87
1785668400000,17.17,17.18,17.11,17.12,2168.93
1785672000000,17.12,17.2,17.11,17.17,1497.86
1785675600000,17.17,17.18,17.14,17.15,397.86
1785679200000,17.15,17.17,17.08,17.14,3373.18
1785682800000,17.13,17.14,17.11,17.12,781.03
1785686400000,17.12,17.16,17.1,17.16,628.72
1785690000000,17.15,17.2,17.14,17.2,977.14
1785693600000,17.19,17.28,17.19,17.26,837.37
1785697200000,17.25,17.28,17.24,17.26,719.56
1785700800000,17.26,17.29,17.25,17.26,584.15
1785704400000,17.27,17.36,17.25,17.33,1384.77
1785708000000,17.33,17.39,17.28,17.3,2757.78
1785711600000,17.3,17.32,17.24,17.32,2511.29
1785715200000,17.32,17.43,17.31,17.32,11337.36
1785718800000,17.32,17.33,17.2,17.24,2910.79
1785722400000,17.23,17.23,17.1,17.13,4744.8
1785726000000,17.14,17.18,17.01,17.08,4818.28
1785729600000,17.07,17.16,17.07,17.09,1915.88
1785733200000,17.09,17.12,17.05,17.1,5085.6
1785736800000,17.1,17.11,16.97,17.0,3739.94
1785740400000,16.99,17.02,16.81,16.86,11484.12
1785744000000,16.87,16.91,16.75,16.91,21047.1
1785747600000,16.9,17.03,16.86,17.03,5619.22
1785751200000,17.03,17.03,16.9,16.93,2831.03
1785754800000,16.93,17.08,16.88,16.91,6845.38
1785758400000,16.91,17.05,16.87,17.02,8238.88
1785762000000,17.02,17.27,16.68,17.24,109154.37
1785765600000,17.25,17.48,16.96,17.48,96122.24
1785769200000,17.46,17.5,17.21,17.26,15663.42
1785772800000,17.26,17.44,17.24,17.33,11632.94
1785776400000,17.32,17.42,17.25,17.37,9329.73
1785780000000,17.37,17.47,17.35,17.42,6796.04
1785783600000,17.42,17.56,17.29,17.47,11450.31
1785787200000,17.46,17.48,17.39,17.39,3744.91
1785790800000,17.39,17.43,17.37,17.39,4524.07
1785794400000,17.4,17.43,17.32,17.33,6241.27
1785798000000,17.32,17.33,17.29,17.32,2632.58
1785801600000,17.31,17.34,17.19,17.22,8510.58
1785805200000,17.23,17.41,17.19,17.2,82814.65
1785808800000,17.2,17.31,17.17,17.27,16943.46
1785812400000,17.26,17.31,17.21,17.27,5488.3
1785816000000,17.26,17.42,17.24,17.37,5430.81
1785819600000,17.36,17.38,17.32,17.35,4777.59
1785823200000,17.34,17.38,17.24,17.26,1566.0
1785826800000,17.25,17.33,17.21,17.31,3169.16
1785830400000,17.32,17.4,17.26,17.27,2942.54
1785834000000,17.26,17.26,17.19,17.26,4409.01
1785837600000,17.26,17.36,17.19,17.33,5784.94
1785841200000,17.33,17.51,17.32,17.5,5300.96
1785844800000,17.51,17.59,17.43,17.52,4876.19
1785848400000,17.52,17.96,17.44,17.47,184362.49
1785852000000,17.47,17.62,17.33,17.6,73686.19
1785855600000,17.59,17.78,17.46,17.68,28936.01
1785859200000,17.69,17.76,17.62,17.75,8723.83
1785862800000,17.75,17.84,17.69,17.81,28268.27
1785866400000,17.81,17.99,17.78,17.96,47552.16
1785870000000,17.96,18.18,17.95,18.09,39591.4
1785873600000,18.08,18.2,18.0,18.09,13056.05
1785877200000,18.09,18.13,17.96,17.97,5483.66
1785880800000,17.96,17.99,17.91,17.98,5763.95
1785884400000,17.99,18.04,17.92,17.96,3503.37
1785888000000,17.96,18.03,17.9,17.9,4487.95
1785891600000,17.9,18.03,17.84,18.01,5634.57
1785895200000,18.01,18.08,18.01,18.04,4361.29
1785898800000,18.04,18.07,17.92,18.01,4097.78
1785902400000,18.01,18.02,17.97,18.01,3458.79
1785906000000,18.01,18.13,18.01,18.09,1956.45
1785909600000,18.09,18.1,18.03,18.03,5315.64
1785913200000,18.03,18.04,17.93,17.99,3293.03
1785916800000,18.0,18.11,17.89,17.99,9905.83
1785920400000,17.98,18.05,17.97,18.03,2356.72
1785924000000,18.03,18.08,17.97,18.02,7786.05
1785927600000,18.03,18.07,18.0,18.02,2555.45
1785931200000,18.03,18.23,18.01,18.08,14392.03
1785934800000,18.07,18.14,17.6,18.11,73941.23
1785938400000,18.12,18.28,17.75,17.91,61109.74
1785942000000,17.92,18.03,17.72,17.74,17175.35
1785945600000,17.74,18.29,17.74,18.18,17245.33
1785949200000,18.18,18.48,18.11,18.36,9135.53
1785952800000,18.38,18.5,18.34,18.39,8091.28
1785956400000,18.38,18.62,18.38,18.45,15735.99
1785960000000,18.46,18.48,18.29,18.34,12514.3
1785963600000,18.35,18.35,18.2,18.27,5208.48
1785967200000,18.28,18.35,18.26,18.31,3582.16
1785970800000,18.3,18.39,18.29,18.33,2592.57
1785974400000,18.34,18.41,18.31,18.35,8766.32
1785978000000,18.34,18.37,18.23,18.31,4618.11
1785981600000,18.31,18.36,18.24,18.3,2785.82
1785985200000,18.3,18.3,18.25,18.28,1104.36
1785988800000,18.29,18.43,18.24,18.42,17257.88
1785992400000,18.42,18.56,18.41,18.47,18337.27
1785996000000,18.48,18.48,18.4,18.44,3938.43
1785999600000,18.44,18.49,18.37,18.39,7692.59
1786003200000,18.38,18.48,18.28,18.46,7182.63
1786006800000,18.45,18.45,18.33,18.41,7944.6
1786010400000,18.41,18.41,18.28,18.29,13748.98
1786014000000,18.3,18.42,18.24,18.37,14509.29
1786017600000,18.37,18.38,18.16,18.17,5255.33
1786021200000,18.16,18.53,17.85,18.38,143076.08
1786024800000,18.37,18.66,18.25,18.65,47861.54
1786028400000,18.63,18.74,18.46,18.49,15910.79
1786032000000,18.48,18.54,18.31,18.51,11365.64
1786035600000,18.51,18.61,18.29,18.3,10741.23
1786039200000,18.31,18.33,18.02,18.06,54798.86
1786042800000,18.07,18.39,18.07,18.34,14924.13
1786046400000,18.34,18.38,18.29,18.32,6146.17
1786050000000,18.32,18.34,18.27,18.27,1717.77
1786053600000,18.28,18.36,18.27,18.32,1938.98
1786057200000,18.33,18.35,18.28,18.34,1908.07
1786060800000,18.32,18.37,18.26,18.31,2076.51
1786064400000,18.32,18.37,18.26,18.33,2141.52
1786068000000,18.32,18.37,18.19,18.19,28786.09
1786071600000,18.21,18.22,18.15,18.17,7551.17
1786075200000,18.16,18.19,18.11,18.13,1657.18
1786078800000,18.14,18.25,18.13,18.21,2879.71
1786082400000,18.22,18.34,18.2,18.29,3605.31
1786086000000,18.29,18.34,18.26,18.32,2437.6
1786089600000,18.32,18.39,18.3,18.35,2025.49
1786093200000,18.35,18.43,18.34,18.39,4350.05
1786096800000,18.39,18.42,18.35,18.36,2822.24
1786100400000,18.35,18.59,18.33,18.49,5710.71
1786104000000,18.49,18.92,18.49,18.85,53074.53
1786107600000,18.85,19.29,18.58,18.6,149796.27
1786111200000,18.6,18.91,18.17,18.69,159789.21
1786114800000,18.7,18.73,18.54,18.57,10138.03
1786118400000,18.57,18.84,18.46,18.47,9269.28
1786122000000,18.46,18.57,18.3,18.56,15552.11
1786125600000,18.57,18.64,18.43,18.57,4841.37
1786129200000,18.59,18.9,18.55,18.81,36265.71
1786132800000,18.81,18.83,18.7,18.78,3397.16
1786136400000,18.77,18.85,18.76,18.83,1536.77
1786140000000,18.81,18.81,18.76,18.79,1882.04
1786143600000,18.8,18.84,18.8,18.83,268.2
1786147200000,18.81,18.81,18.72,18.76,2372.06
1786150800000,18.76,18.79,18.72,18.76,3287.49
1786154400000,18.75,18.78,18.71,18.76,2137.18
1786158000000,18.77,18.86,18.76,18.83,2652.31
1786161600000,18.84,18.87,18.82,18.85,236.28
1786165200000,18.85,18.86,18.8,18.83,597.26
1786168800000,18.83,18.84,18.8,18.83,593.37
1786172400000,18.82,18.83,18.8,18.8,276.0
1786176000000,18.8,18.86,18.79,18.83,382.37
1786179600000,18.84,18.87,18.83,18.85,189.39
1786183200000,18.85,18.89,18.85,18.86,169.36
1786186800000,18.86,18.89,18.85,18.86,813.84
1786190400000,18.86,18.9,18.85,18.89,772.45
1786194000000,18.9,18.91,18.77,18.83,3137.75
1786197600000,18.83,18.89,18.83,18.88,401.72
1786201200000,18.88,18.92,18.88,18.91,634.55
1786204800000,18.92,19.01,18.91,18.98,6530.94
1786208400000,18.98,19.03,18.97,18.99,1869.38
1786212000000,18.99,19.01,18.95,18.96,1542.71
1786215600000,18.96,19.0,18.94,18.96,1009.8
1786219200000,18.96,18.98,18.95,18.97,666.91
1786222800000,18.96,18.98,18.96,18.97,72.82
1786226400000,18.97,18.97,18.89,18.93,1089.02
1786230000000,18.92,18.92,18.69,18.77,7190.53
1786233600000,18.76,18.77,18.74,18.77,683.8
1786237200000,18.77,18.79,18.75,18.77,548.09
1786240800000,18.78,18.78,18.7,18.74,3449.76
1786244400000,18.74,18.77,18.7,18.76,1525.58
1786248000000,18.76,18.78,18.74,18.78,801.7
1786251600000,18.78,18.79,18.77,18.79,301.75
1786255200000,18.79,18.84,18.79,18.83,473.33
1786258800000,18.84,18.87,18.81,18.87,623.45
1786262400000,18.87,18.89,18.77,18.8,4144.44
1786266000000,18.8,18.9,18.8,18.89,894.6
1786269600000,18.89,18.95,18.78,18.91,2518.03
1786273200000,18.92,19.0,18.92,18.92,2765.55
1786276800000,18.92,18.94,18.89,18.93,607.54
1786280400000,18.93,19.08,18.93,19.05,6564.63
1786284000000,19.05,19.18,18.99,19.09,7972.97
1786287600000,19.1,19.12,19.06,19.1,1576.33
1786291200000,19.11,19.12,19.07,19.07,683.34
1786294800000,19.07,19.11,19.07,19.08,419.38
1786298400000,19.07,19.08,19.04,19.05,448.28
1786302000000,19.04,19.07,19.04,19.06,399.53
1786305600000,19.05,19.05,19.0,19.02,1082.92
1786309200000,19.03,19.06,19.02,19.05,643.03
1786312800000,19.05,19.17,19.0,19.05,4272.97
1786316400000,19.04,19.05,18.93,18.93,1631.22
1786320000000,18.93,18.98,18.71,18.76,14319.23
1786323600000,18.76,18.94,18.71,18.91,2718.71
1786327200000,18.91,18.93,18.74,18.89,2575.9
1786330800000,18.88,18.91,18.78,18.81,2219.14
1786334400000,18.8,18.86,18.76,18.78,5428.1
1786338000000,18.79,18.86,18.78,18.85,2459.23
1786341600000,18.86,18.93,18.86,18.92,770.06
1786345200000,18.92,18.98,18.89,18.91,3884.83
1786348800000,18.91,18.97,18.88,18.92,7280.84
1786352400000,18.92,18.93,18.79,18.81,9584.76
1786356000000,18.8,18.85,18.79,18.81,9570.1
1786359600000,18.82,18.92,18.8,18.89,13224.73
1786363200000,18.88,18.94,18.65,18.67,14123.38
1786366800000,18.67,18.86,18.33,18.33,31968.57
1786370400000,18.33,18.69,18.3,18.35,31797.9
1786374000000,18.33,18.48,18.15,18.47,16922.78
1786377600000,18.48,18.48,18.07,18.17,14345.09
1786381200000,18.18,18.24,18.09,18.17,6659.34
1786384800000,18.16,18.24,18.09,18.19,6331.38
1786388400000,18.2,18.33,18.1,18.12,15364.31
1786392000000,18.12,18.17,18.07,18.15,2970.51
1786395600000,18.15,18.21,18.08,18.14,4798.3
1786399200000,18.14,18.16,18.1,18.11,2991.06
1786402800000,18.11,18.14,18.09,18.1,1574.0
1786406400000,18.11,18.16,18.08,18.14,2952.12
1786410000000,18.14,18.24,18.14,18.22,3245.29
1786413600000,18.22,18.23,18.17,18.21,1916.25
1786417200000,18.22,18.24,18.2,18.22,346.08
1786420800000,18.22,18.23,18.12,18.13,2739.93
1786424400000,18.14,18.14,18.1,18.12,860.0
1786428000000,18.11,18.13,17.94,17.99,14847.96
1786431600000,17.99,18.08,17.99,18.06,915.06
1786435200000,18.06,18.09,17.97,18.08,4037.81
1786438800000,18.07,18.09,18.02,18.06,9467.51
1786442400000,18.06,18.12,18.04,18.11,16451.79
1786446000000,18.1,18.32,18.1,18.26,4646.46
1786449600000,18.26,18.38,18.26,18.29,2956.29
1786453200000,18.29,18.4,17.98,18.25,130267.24
1786456800000,18.25,18.5,17.98,18.01,59604.79
1786460400000,18.02,18.09,17.75,17.8,179280.05
1786464000000,17.8,17.9,17.74,17.82,37136.72
1786467600000,17.82,17.89,17.77,17.82,4165.58
1786471200000,17.81,17.86,17.65,17.83,7647.9
1786474800000,17.83,18.13,17.79,18.12,6546.98
1786478400000,18.11,18.17,18.07,18.13,3996.59
1786482000000,18.13,18.16,18.12,18.16,2427.54
1786485600000,18.16,18.16,18.12,18.13,1300.59
1786489200000,18.12,18.14,18.09,18.13,2436.97
1786492800000,18.14,18.15,18.04,18.12,7256.81
1786496400000,18.12,18.15,18.09,18.13,2396.57
1786500000000,18.13,18.17,18.12,18.14,2158.63
1786503600000,18.14,18.15,18.11,18.14,1143.24
1786507200000,18.14,18.19,18.13,18.15,4439.55
1786510800000,18.15,18.18,18.12,18.17,1115.93
1786514400000,18.17,18.17,18.09,18.11,1354.44
1786518000000,18.12,18.17,18.09,18.16,1592.75
1786521600000,18.16,18.29,18.15,18.23,3327.91
1786525200000,18.22,18.4,18.22,18.36,6024.3
1786528800000,18.36,18.41,18.32,18.35,3786.16
1786532400000,18.36,18.44,18.33,18.43,3587.24
1786536000000,18.44,18.59,18.36,18.39,56350.44
1786539600000,18.39,18.42,17.92,18.17,150714.98
1786543200000,18.17,18.31,17.91,17.92,54011.25
1786546800000,17.91,18.12,17.91,18.04,7264.3
1786550400000,18.05,18.16,18.04,18.15,3928.64
1786554000000,18.15,18.24,18.09,18.22,39718.87
1786557600000,18.22,18.27,18.16,18.19,11072.3
1786561200000,18.19,18.25,17.87,17.92,22866.96
1786564800000,17.91,17.99,17.86,17.97,6562.63
1786568400000,17.97,18.0,17.92,17.95,2197.2
1786572000000,17.94,18.01,17.93,17.95,5318.34
1786575600000,17.96,18.0,17.93,17.97,2002.0
1786579200000,17.97,18.04,17.95,17.98,4318.77
1786582800000,17.98,18.0,17.92,17.97,2236.01
1786586400000,17.97,17.99,17.87,17.96,4168.45
1786590000000,17.96,18.04,17.96,18.03,1114.45
1786593600000,18.03,18.09,18.0,18.08,1621.12
1786597200000,18.07,18.15,18.06,18.06,1255.18
1786600800000,18.06,18.06,18.01,18.04,7275.54
1786604400000,18.05,18.06,17.95,17.97,7011.66
1786608000000,17.99,18.03,17.98,18.0,2681.55
1786611600000,18.0,18.04,17.89,18.04,9274.57
1786615200000,18.04,18.05,17.78,17.91,67907.54
1786618800000,17.92,17.92,17.85,17.89,8822.47
1786622400000,17.89,17.99,17.86,17.95,9745.99
1786626000000,17.95,18.42,17.89,18.15,119403.06
1786629600000,18.16,18.27,17.87,17.92,122798.39
1786633200000,17.91,18.04,17.84,17.84,14625.45
1786636800000,17.83,17.92,17.69,17.82,10453.77
1786640400000,17.83,17.93,17.79,17.83,6126.33
1786644000000,17.84,18.08,17.74,18.05,98508.98
1786647600000,18.04,18.48,18.03,18.3,202305.14
1786651200000,18.31,18.35,18.2,18.26,10182.55
1786654800000,18.26,18.28,18.23,18.27,2366.82
1786658400000,18.27,18.35,18.25,18.35,4125.0
1786662000000,18.34,18.35,18.28,18.3,4057.7
1786665600000,18.3,18.33,18.27,18.29,7566.09
1786669200000,18.29,18.35,18.27,18.35,1829.11
1786672800000,18.35,18.38,18.34,18.35,1771.06
1786676400000,18.36,18.4,18.31,18.31,19282.7
1786680000000,18.31,18.35,18.28,18.3,3195.54
1786683600000,18.31,18.33,18.27,18.31,1675.61
1786687200000,18.32,18.32,18.16,18.16,6550.14
1786690800000,18.15,18.23,18.15,18.18,3254.53
1786694400000,18.18,18.21,18.08,18.15,3624.8
1786698000000,18.16,18.16,18.05,18.09,7776.65
1786701600000,18.1,18.14,18.07,18.09,3945.51
1786705200000,18.1,18.21,18.1,18.16,2436.68
1786708800000,18.17,18.18,18.1,18.11,5458.08
1786712400000,18.1,18.11,17.71,17.76,121305.27
1786716000000,17.77,17.8,17.43,17.47,171636.6
1786719600000,17.47,17.83,17.46,17.74,34563.54
1786723200000,17.75,18.11,17.71,18.09,102822.83
1786726800000,18.09,18.23,17.95,17.97,42580.44
1786730400000,17.98,18.01,17.81,17.81,12811.51
1786734000000,17.8,18.22,17.78,18.09,46568.35
1786737600000,18.09,18.14,18.0,18.06,7947.29
1786741200000,18.06,18.09,17.99,18.02,3040.72
1786744800000,18.01,18.01,17.95,17.97,2298.2
1786748400000,17.98,18.07,17.97,18.04,4034.36
1786752000000,18.04,18.09,18.01,18.09,996.44
1786755600000,18.08,18.1,18.05,18.09,740.97
1786759200000,18.1,18.15,18.07,18.12,2133.87
1786762800000,18.13,18.15,17.91,17.97,9856.74
1786766400000,17.98,18.07,17.96,18.04,4551.94
1786770000000,18.05,18.07,17.97,17.98,5000.58
1786773600000,17.98,18.0,17.93,17.99,684.28
1786777200000,17.99,18.0,17.96,17.97,1252.24
1786780800000,17.97,17.98,17.92,17.93,1104.11
1786784400000,17.94,18.01,17.9,17.99,3760.92
1786788000000,17.98,18.0,17.95,17.98,936.78
1786791600000,17.99,18.02,17.95,17.97,3297.86
1786795200000,17.97,17.99,17.9,17.99,1241.69
1786798800000,17.98,17.98,17.94,17.97,344.18
1786802400000,17.97,18.02,17.93,18.0,1829.29
1786806000000,17.99,18.03,17.97,18.0,1241.29
1786809600000,18.0,18.04,17.97,18.0,2771.86
1786813200000,18.01,18.01,17.97,17.98,802.34
1786816800000,17.99,18.0,17.96,18.0,368.48
1786820400000,17.99,18.03,17.96,18.0,6394.22
1786824000000,18.0,18.0,17.96,17.99,322.71
1786827600000,17.98,18.04,17.97,17.99,3554.68
1786831200000,17.99,18.04,17.96,18.0,2845.99
1786834800000,18.0,18.0,17.95,17.98,187.01
1786838400000,17.98,17.98,17.9,17.96,3753.77
1786842000000,17.95,18.02,17.92,17.93,8212.08
1786845600000,17.93,17.96,17.91,17.95,935.31
1786849200000,17.96,17.96,17.95,17.96,40.0
1786852800000,17.96,17.96,17.9,17.92,1200.73
1786856400000,17.92,17.94,17.92,17.94,471.97
1786860000000,17.94,17.98,17.92,17.97,10150.5
1786863600000,17.97,17.98,17.92,17.98,6048.92
1786867200000,17.98,18.09,17.97,18.08,7243.01
1786870800000,18.08,18.09,17.99,18.01,3740.22
1786874400000,18.0,18.04,18.0,18.02,611.53
1786878000000,18.02,18.05,18.02,18.04,409.28
1786881600000,18.03,18.05,18.0,18.03,1408.39
1786885200000,18.03,18.04,17.97,17.99,4487.71
1786888800000,17.99,18.05,17.95,18.03,8253.92
1786892400000,18.02,18.06,17.98,18.06,2423.54
1786896000000,18.06,18.13,18.06,18.1,2847.11
1786899600000,18.1,18.11,18.04,18.08,855.65
1786903200000,18.07,18.1,18.05,18.06,561.24
1786906800000,18.07,18.11,18.05,18.06,596.93
1786910400000,18.06,18.13,18.04,18.05,2412.75
1786914000000,18.05,18.09,17.95,17.98,1681.95
1786917600000,17.97,18.0,17.93,17.99,708.88
1786921200000,17.99,18.03,17.97,18.03,610.05
1786924800000,18.03,18.06,17.96,18.04,9682.5
1786928400000,18.05,18.2,18.03,18.12,8409.4
1786932000000,18.13,18.29,18.09,18.26,4483.21
1786935600000,18.25,18.32,18.25,18.26,2560.98
1786939200000,18.26,18.32,18.26,18.27,2338.24
1786942800000,18.27,18.29,18.24,18.25,1048.08
1786946400000,18.24,18.34,18.23,18.32,3094.25
1786950000000,18.32,18.34,18.28,18.31,2671.98
1786953600000,18.3,18.3,18.15,18.18,2581.75
1786957200000,18.17,18.19,18.09,18.12,4536.07
1786960800000,18.11,18.29,18.1,18.28,3819.33
1786964400000,18.26,18.31,18.22,18.3,5498.88
1786968000000,18.29,18.32,18.12,18.14,6731.38
1786971600000,18.15,18.94,18.1,18.5,194477.62
1786975200000,18.51,18.92,18.48,18.76,143680.86
1786978800000,18.77,18.98,18.58,18.93,28267.35
1786982400000,18.94,19.0,18.73,18.74,33514.89
1786986000000,18.75,18.92,18.67,18.72,23736.33
1786989600000,18.73,18.94,18.69,18.82,7730.91
1786993200000,18.81,18.9,18.62,18.72,12927.97
1786996800000,18.71,18.75,18.61,18.7,4397.08
1787000400000,18.69,18.74,18.68,18.71,1685.01
1787004000000,18.7,18.73,18.69,18.7,1853.49
1787007600000,18.7,18.8,18.69,18.79,5357.56
1787011200000,18.79,18.82,18.72,18.73,9345.62
1787014800000,18.74,18.74,18.56,18.63,9459.77
1787018400000,18.63,18.64,18.4,18.43,21262.56
1787022000000,18.43,18.48,18.39,18.47,6509.57
1787025600000,18.47,18.54,18.44,18.5,3489.2
1787029200000,18.5,18.54,18.48,18.51,7384.72
1787032800000,18.5,18.62,18.47,18.59,11541.73
1787036400000,18.58,18.61,18.51,18.55,9764.79
1787040000000,18.54,18.58,18.46,18.53,7211.9
1787043600000,18.53,18.58,18.42,18.51,14255.36
1787047200000,18.49,18.5,18.46,18.5,4189.4
1787050800000,18.5,18.62,18.48,18.56,8705.92
1787054400000,18.55,18.58,18.42,18.48,8917.57
1787058000000,18.47,18.73,18.27,18.47,71180.44
1787061600000,18.47,18.94,18.36,18.71,99121.55
1787065200000,18.71,18.78,18.6,18.76,41531.34
1787068800000,18.76,18.85,18.6,18.75,12903.45
1787072400000,18.75,18.75,18.47,18.47,40982.87
1787076000000,18.47,18.63,18.44,18.48,33591.68
1787079600000,18.47,18.53,18.28,18.3,17018.48
1787083200000,18.31,18.35,18.22,18.3,49571.93
1787086800000,18.29,18.33,18.29,18.32,1740.91
1787090400000,18.32,18.36,18.28,18.31,5883.3
1787094000000,18.3,18.38,18.3,18.31,8686.51
1787097600000,18.32,18.37,18.21,18.33,13632.32
1787101200000,18.32,18.38,18.3,18.33,17173.43
1787104800000,18.33,18.34,18.25,18.28,6815.36
1787108400000,18.28,18.36,18.26,18.3,13371.52
1787112000000,18.3,18.35,18.24,18.3,13231.82
1787115600000,18.29,18.39,18.24,18.25,12844.24
1787119200000,18.25,18.35,18.18,18.35,6585.46
1787122800000,18.36,18.41,18.33,18.36,4503.57
1787126400000,18.37,18.45,18.31,18.42,4289.1
1787130000000,18.41,18.44,18.35,18.38,14158.36
1787133600000,18.38,18.41,18.34,18.41,9583.89
1787137200000,18.4,18.45,18.34,18.36,20827.5
1787140800000,18.35,18.65,18.33,18.61,53495.6
1787144400000,18.61,18.76,18.41,18.57,88783.95
1787148000000,18.56,19.71,18.52,19.65,291198.3
1787151600000,19.65,20.91,19.65,20.78,459435.17
1787155200000,20.78,20.9,20.63,20.76,82073.02
1787158800000,20.77,20.78,20.07,20.32,117968.77
1787162400000,20.32,20.38,19.98,20.04,98812.97
1787166000000,20.03,20.3,19.93,20.24,140513.18
1787169600000,20.23,21.26,20.2,21.15,137569.12
1787173200000,21.15,22.16,21.09,21.83,336189.37
1787176800000,21.84,21.89,21.41,21.49,86033.96
1787180400000,21.5,21.71,21.44,21.57,47072.12
1787184000000,21.57,21.99,21.47,21.75,79468.63
1787187600000,21.75,21.86,21.6,21.79,50276.08
1787191200000,21.79,21.84,21.53,21.55,20940.87
1787194800000,21.55,21.58,21.23,21.49,65088.97
1787198400000,21.49,21.6,21.48,21.49,13919.06
1787202000000,21.49,21.61,21.45,21.55,13533.45
1787205600000,21.56,21.82,21.46,21.79,22050.51
1787209200000,21.78,21.81,21.56,21.62,25909.36
1787212800000,21.63,22.15,21.58,22.04,90838.03
1787216400000,22.04,22.3,21.92,21.93,67949.53
1787220000000,21.94,22.21,21.88,22.02,65630.05
1787223600000,22.0,22.16,21.74,21.86,210060.98
1787227200000,21.85,21.93,21.63,21.87,74474.34
1787230800000,21.88,21.95,20.8,21.61,343206.93
1787234400000,21.6,21.79,21.17,21.48,134092.48
1787238000000,21.48,21.85,21.24,21.66,203508.39
1787241600000,21.66,21.81,21.45,21.77,175929.77
1787245200000,21.78,21.81,21.45,21.59,69515.96
1787248800000,21.58,21.6,21.16,21.26,61265.01
1787252400000,21.26,21.61,21.25,21.61,30269.19
1787256000000,21.61,21.62,21.38,21.44,17298.91
1787259600000,21.43,21.5,21.36,21.45,12947.29
1787263200000,21.45,21.47,21.34,21.45,18486.71
1787266800000,21.45,21.69,21.45,21.52,16440.91
1787270400000,21.53,21.81,21.52,21.69,49100.28
1787274000000,21.69,22.19,21.66,21.98,134701.65
1787277600000,21.98,22.04,21.8,21.84,53772.73
1787281200000,21.84,21.93,21.68,21.75,36869.93
1787284800000,21.76,21.96,21.75,21.94,12709.62
1787288400000,21.93,22.04,21.87,22.04,25635.17
1787292000000,22.03,22.2,21.95,22.17,30516.63
1787295600000,22.16,22.42,22.15,22.27,102910.09
1787299200000,22.26,23.14,22.25,23.07,134423.26
1787302800000,23.06,23.09,22.44,22.81,80769.3
1787306400000,22.8,22.99,22.68,22.77,37266.56
1787310000000,22.77,22.8,22.23,22.38,69564.47
1787313600000,22.39,22.51,22.17,22.34,42340.68
1787317200000,22.35,22.84,21.93,22.32,150145.66
1787320800000,22.32,22.64,22.0,22.59,96219.3
1787324400000,22.6,23.02,22.58,22.75,174214.97
1787328000000,22.75,23.02,22.56,22.97,69791.65
1787331600000,22.96,23.34,22.88,22.88,140077.61
1787335200000,22.88,23.19,22.54,22.88,81616.17
1787338800000,22.87,22.93,22.63,22.84,42343.92
1787342400000,22.85,23.08,22.78,23.04,33000.56
1787346000000,23.04,23.69,23.0,23.46,43073.36
1787349600000,23.46,23.87,23.41,23.65,129632.12
1787353200000,23.66,23.79,23.54,23.58,24797.36
1787356800000,23.57,23.75,23.45,23.73,28792.1
1787360400000,23.74,23.88,23.66,23.67,25229.01
1787364000000,23.67,23.81,23.57,23.65,24798.64
1787367600000,23.66,23.76,23.62,23.68,7821.08
1787371200000,23.67,23.81,23.6,23.69,16697.16
1787374800000,23.69,23.75,22.26,22.85,194482.45
1787378400000,22.85,22.94,22.73,22.85,57867.31
1787382000000,22.85,22.99,22.81,22.91,24848.56
1787385600000,22.92,22.92,22.62,22.84,22118.74
1787389200000,22.83,22.84,22.65,22.74,7463.79
1787392800000,22.74,22.74,22.42,22.65,28412.07
1787396400000,22.66,22.9,22.56,22.88,33183.96
1787400000000,22.88,23.05,22.8,23.0,33572.54
1787403600000,23.01,23.03,22.89,22.99,7995.56
1787407200000,22.99,23.02,22.8,22.83,11597.36
1787410800000,22.84,22.88,22.78,22.83,4248.54
1787414400000,22.83,23.01,22.83,22.95,7756.21
1787418000000,22.94,23.0,22.86,22.94,3225.93
1787421600000,22.94,23.01,22.92,22.97,1619.42
1787425200000,22.97,23.08,22.95,23.03,3564.37
1787428800000,23.03,23.08,23.0,23.04,1724.76
1787432400000,23.04,23.04,22.74,22.76,8223.71
1787436000000,22.76,22.87,22.75,22.79,6372.56
1787439600000,22.8,22.88,22.75,22.85,5074.36
1787443200000,22.86,23.0,22.83,22.97,6042.7
1787446800000,22.97,22.97,22.86,22.9,5016.43
1787450400000,22.89,22.91,22.78,22.83,3468.96
1787454000000,22.83,22.85,22.71,22.74,4325.61
1787457600000,22.74,22.78,22.22,22.31,97059.87
1787461200000,22.31,22.4,22.2,22.28,28700.62
1787464800000,22.28,22.48,22.24,22.44,11811.6
1787468400000,22.44,22.48,22.35,22.42,5236.23
1787472000000,22.42,22.62,22.36,22.56,64545.4
1787475600000,22.56,22.63,22.54,22.6,6247.8
1787479200000,22.6,22.66,22.55,22.56,10547.2
1787482800000,22.57,22.77,22.56,22.76,11176.17
1787486400000,22.75,22.75,22.65,22.74,5128.74
1787490000000,22.74,23.14,22.74,23.04,31111.43
1787493600000,23.05,23.08,22.57,22.78,35520.09
1787497200000,22.79,22.9,22.69,22.8,9367.86
1787500800000,22.81,22.96,22.81,22.93,5906.29
1787504400000,22.93,23.04,22.88,22.92,15296.31
1787508000000,22.92,23.0,22.89,22.99,2246.32
1787511600000,22.99,23.06,22.91,22.99,2319.04
1787515200000,22.98,22.99,22.9,22.98,1637.13
1787518800000,22.99,23.31,22.99,23.21,18955.25
1787522400000,23.22,23.27,23.1,23.25,10864.49
1787526000000,23.24,23.31,23.11,23.23,15714.63
1787529600000,23.24,23.46,22.95,23.25,75514.97
1787533200000,23.26,23.26,22.81,22.82,34190.77
1787536800000,22.82,23.11,22.8,23.08,18540.38
1787540400000,23.08,23.09,22.71,22.75,24495.14
1787544000000,22.75,23.01,22.72,22.87,26093.12
1787547600000,22.87,23.03,22.84,22.93,20443.72
1787551200000,22.92,23.07,22.84,23.05,22772.85
1787554800000,23.05,23.29,22.95,22.97,20937.79
1787558400000,22.97,23.05,22.77,22.97,34686.7
1787562000000,22.95,23.16,22.93,23.13,10721.65
1787565600000,23.14,23.37,23.11,23.15,23010.5
1787569200000,23.15,23.51,22.95,23.32,35124.91
1787572800000,23.33,23.71,23.14,23.64,61524.12
1787576400000,23.64,24.03,23.26,23.78,345652.06
1787580000000,23.77,24.45,23.61,24.2,367876.24
1787583600000,24.2,24.94,24.06,24.53,221726.48
1787587200000,24.53,24.88,24.35,24.49,125786.15
1787590800000,24.5,24.53,24.11,24.21,121692.99
1787594400000,24.22,24.44,24.04,24.19,47733.51
1787598000000,24.19,24.26,23.96,24.14,47704.3
1787601600000,24.15,24.15,23.97,24.12,23484.16
1787605200000,24.13,24.35,24.13,24.26,11673.65
1787608800000,24.26,24.31,24.18,24.19,8743.52
1787612400000,24.19,24.28,24.14,24.27,9897.85
1787616000000,24.26,24.53,24.11,24.44,41062.72
1787619600000,24.43,24.52,24.29,24.43,22504.88
1787623200000,24.42,25.0,24.4,24.88,39860.62
1787626800000,24.88,24.91,24.69,24.74,38503.29
1787630400000,24.74,24.8,24.61,24.78,35696.62
1787634000000,24.78,25.02,24.75,24.97,19450.4
1787637600000,24.97,25.0,24.8,24.88,22033.35
1787641200000,24.87,25.03,24.5,24.54,48867.38
1787644800000,24.55,24.85,24.46,24.59,70276.54
1787648400000,24.59,24.71,24.16,24.35,79123.31
1787652000000,24.35,24.49,24.2,24.42,53546.77
1787655600000,24.42,24.42,24.1,24.17,58968.46
1787659200000,24.17,24.21,23.71,23.99,77935.27
1787662800000,24.0,24.81,23.64,24.39,214695.73
1787666400000,24.39,25.57,24.25,25.57,203489.5
1787670000000,25.56,25.77,25.16,25.34,125102.51
1787673600000,25.34,25.43,25.06,25.08,82867.54
1787677200000,25.08,25.11,24.81,24.93,54369.14
1787680800000,24.93,25.12,24.83,24.91,26218.2
1787684400000,24.91,24.94,24.62,24.81,26801.92
1787688000000,24.82,25.0,24.67,24.7,18513.82
1787691600000,24.69,24.73,24.54,24.69,23823.13
1787695200000,24.69,24.83,24.65,24.82,8803.08
1787698800000,24.81,24.84,24.65,24.69,7950.35
1787702400000,24.69,24.73,24.54,24.63,25246.44
1787706000000,24.63,24.85,24.62,24.71,13459.03
1787709600000,24.71,24.92,24.66,24.9,10225.4
1787713200000,24.89,24.93,24.81,24.89,6277.51
1787716800000,24.88,24.97,24.79,24.8,8730.92
1787720400000,24.8,24.94,24.76,24.93,13755.68
1787724000000,24.93,24.94,24.76,24.89,24308.4
1787727600000,24.89,24.99,24.83,24.84,9716.1
1787731200000,24.84,24.94,24.62,24.68,62893.32
1787734800000,24.68,24.73,24.48,24.63,41361.53
1787738400000,24.64,25.02,24.55,24.94,24897.05
1787742000000,24.93,24.99,24.64,24.8,21869.25
1787745600000,24.81,24.93,24.52,24.62,42058.23
1787749200000,24.6,25.18,24.19,25.11,121270.83
1787752800000,25.11,25.2,24.59,24.6,79244.87
1787756400000,24.58,24.92,24.5,24.73,78573.1
1787760000000,24.72,24.91,24.57,24.66,37816.28
1787763600000,24.66,25.19,24.64,25.06,27400.16
1787767200000,25.06,25.26,25.0,25.16,24880.39
1787770800000,25.16,25.21,24.92,24.92,23523.67
1787774400000,24.92,25.0,24.74,24.97,18663.13
1787778000000,24.97,25.29,24.95,25.21,22095.64
1787781600000,25.2,25.37,25.18,25.3,17454.7
1787785200000,25.29,25.55,25.26,25.51,29519.53
1787788800000,25.52,25.55,25.23,25.25,16635.51
1787792400000,25.26,25.48,25.2,25.41,12976.79
1787796000000,25.4,25.45,25.33,25.35,7704.96
1787799600000,25.35,25.39,25.28,25.32,7260.88
1787803200000,25.32,25.39,25.23,25.25,8523.54
1787806800000,25.25,25.33,25.16,25.31,13692.74
1787810400000,25.32,25.32,25.23,25.29,5746.63
1787814000000,25.28,25.34,25.24,25.34,10019.36
1787817600000,25.34,26.32,25.31,26.09,187964.71
1787821200000,26.09,26.69,26.02,26.27,63489.78
1787824800000,26.27,26.38,25.8,25.86,52726.68
1787828400000,25.87,26.03,25.61,25.77,46579.57
1787832000000,25.75,25.84,25.57,25.58,18940.09
1787835600000,25.59,26.06,25.13,25.66,179514.7
1787839200000,25.66,26.25,25.34,25.93,108096.0
1787842800000,25.94,26.65,25.73,26.58,90680.94
1787846400000,26.6,26.94,26.56,26.62,63291.6
1787850000000,26.6,26.64,26.28,26.29,58876.68
1787853600000,26.27,26.3,25.64,26.03,62995.53
1787857200000,26.03,26.11,25.63,25.65,39059.79
1787860800000,25.66,25.89,25.44,25.84,23499.78
1787864400000,25.84,25.85,25.74,25.76,4579.0
1787868000000,25.76,26.09,25.76,25.97,20876.44
1787871600000,25.97,26.04,25.89,26.01,9921.73
1787875200000,26.02,26.11,26.0,26.07,12909.97
1787878800000,26.06,26.4,26.03,26.08,29526.37
1787882400000,26.08,26.08,25.65,25.71,26538.14
1787886000000,25.7,25.77,25.63,25.67,7225.98
1787889600000,25.66,25.75,25.56,25.61,9101.44
1787893200000,25.61,25.73,25.57,25.66,5558.36
1787896800000,25.67,25.86,25.67,25.78,23799.18
1787900400000,25.79,25.79,25.7,25.74,7515.19
1787904000000,25.74,25.81,25.4,25.46,26398.73
1787907600000,25.45,25.51,25.15,25.18,28495.18
1787911200000,25.18,25.45,24.8,25.45,92244.81
1787914800000,25.44,25.56,25.32,25.35,20875.86
1787918400000,25.35,25.49,25.14,25.17,31786.66
1787922000000,25.16,25.69,25.0,25.4,138071.83
1787925600000,25.4,25.66,24.66,25.44,143284.27
1787929200000,25.45,25.54,24.52,24.59,105302.8
1787932800000,24.58,24.61,24.03,24.25,142936.55
1787936400000,24.26,24.27,24.0,24.08,30910.13
1787940000000,24.08,24.1,23.8,23.86,36740.4
1787943600000,23.86,24.06,23.79,23.81,33697.15
1787947200000,23.8,23.83,23.62,23.65,17640.91
1787950800000,23.65,23.69,23.55,23.59,12895.7
1787954400000,23.59,23.79,23.55,23.74,7892.61
1787958000000,23.73,23.76,23.66,23.74,4895.27
1787961600000,23.74,23.87,23.74,23.78,5849.7
1787965200000,23.78,23.86,23.77,23.85,2560.01
1787968800000,23.84,23.86,23.79,23.84,4477.13
1787972400000,23.84,23.9,23.8,23.81,3206.18
1787976000000,23.8,23.9,23.8,23.9,1439.19
1787979600000,23.9,23.96,23.87,23.95,3732.21
1787983200000,23.95,23.95,23.87,23.93,4112.89
1787986800000,23.94,24.04,23.92,24.04,3491.89
1787990400000,24.04,24.14,24.01,24.02,4885.23
1787994000000,24.02,24.13,24.02,24.07,2382.27
1787997600000,24.06,24.17,24.04,24.13,3402.04
1788001200000,24.12,24.18,24.05,24.09,6847.42
1788004800000,24.08,24.19,24.08,24.13,7572.98
1788008400000,24.14,24.18,24.11,24.17,947.42
1788012000000,24.17,24.33,24.14,24.32,10109.74
1788015600000,24.32,24.33,24.21,24.23,2138.13
1788019200000,24.24,24.43,24.24,24.42,10907.78
1788022800000,24.41,24.43,24.22,24.31,7241.26
1788026400000,24.32,24.36,24.27,24.33,1186.95
1788030000000,24.33,24.38,24.33,24.38,483.37
1788033600000,24.37,24.37,24.27,24.31,3882.84
1788037200000,24.31,24.33,24.28,24.31,987.68
1788040800000,24.31,24.36,24.3,24.36,1167.23
1788044400000,24.36,24.45,24.34,24.44,7304.99
1788048000000,24.45,24.5,24.43,24.47,4270.15
1788051600000,24.47,24.48,24.33,24.37,5738.7
1788055200000,24.37,24.42,24.29,24.31,5981.76
1788058800000,24.31,24.39,24.3,24.35,3416.02
1788062400000,24.35,24.39,24.26,24.32,2777.15
1788066000000,24.32,24.54,24.32,24.45,8028.18
1788069600000,24.45,24.52,24.43,24.46,4285.29
1788073200000,24.47,24.47,24.38,24.41,3169.08
1788076800000,24.41,24.46,24.37,24.39,2654.34
1788080400000,24.39,24.41,24.29,24.3,6133.28
1788084000000,24.31,24.39,24.28,24.38,2497.42
1788087600000,24.38,24.43,24.36,24.39,1343.89
1788091200000,24.39,24.75,24.39,24.68,25458.11
1788094800000,24.69,24.85,24.61,24.8,9323.7
1788098400000,24.79,24.9,24.74,24.84,16747.85
1788102000000,24.84,24.93,24.76,24.85,9820.35
1788105600000,24.85,25.42,24.8,25.36,43046.97
1788109200000,25.36,25.39,24.93,25.15,30340.66
1788112800000,25.14,25.23,25.04,25.17,9129.1
1788116400000,25.16,25.16,24.97,25.01,3861.08
1788120000000,25.01,25.07,24.81,24.84,8559.08
1788123600000,24.84,24.86,24.69,24.82,11503.72
1788127200000,24.83,24.87,24.51,24.53,28058.3
1788130800000,24.53,24.55,23.75,24.06,67983.32
1788134400000,24.06,24.06,23.56,23.82,84586.56
1788138000000,23.82,23.92,23.65,23.67,24081.9
1788141600000,23.67,23.83,23.59,23.63,21405.28
1788145200000,23.62,23.83,23.6,23.78,17263.2
1788148800000,23.77,23.79,23.66,23.78,11082.63
1788152400000,23.77,23.97,23.73,23.87,25411.63
1788156000000,23.86,23.98,23.82,23.91,29099.56
1788159600000,23.9,23.99,23.88,23.9,21635.72
1788163200000,23.91,24.09,23.84,24.04,38730.68
1788166800000,24.05,24.22,23.97,24.04,31013.73
1788170400000,24.04,24.18,23.96,24.14,22527.32
1788174000000,24.13,24.19,23.97,23.98,34201.35
1788177600000,23.99,24.15,23.81,23.92,47687.76
1788181200000,23.91,24.5,23.77,23.86,177488.91
1788184800000,23.87,24.3,23.73,24.25,99750.47
1788188400000,24.26,24.43,23.95,24.37,51136.74
1788192000000,24.38,24.69,24.31,24.66,56753.37
1788195600000,24.64,24.86,24.53,24.75,129745.47
1788199200000,24.75,24.93,24.7,24.86,40250.89
1788202800000,24.86,25.47,24.86,25.37,67245.45
1788206400000,25.37,25.46,25.19,25.28,59785.51
1788210000000,25.29,25.39,25.18,25.33,27300.39
1788213600000,25.33,25.36,25.13,25.16,13304.56
1788217200000,25.16,25.16,24.98,25.0,24161.56
1788220800000,25.0,25.27,24.98,25.19,31456.73
1788224400000,25.19,25.29,25.0,25.02,20758.36
1788228000000,25.02,25.12,24.89,25.11,9410.25
1788231600000,25.11,25.36,24.99,25.17,20229.28
1788235200000,25.16,25.29,25.09,25.1,19732.56
1788238800000,25.1,25.39,25.1,25.37,21962.57
1788242400000,25.37,25.38,25.19,25.19,13035.99
1788246000000,25.19,25.26,25.03,25.12,14074.82
1788249600000,25.11,25.13,24.6,24.63,68998.83
1788253200000,24.65,24.76,24.5,24.7,34975.22
1788256800000,24.69,24.88,24.56,24.78,17741.34
1788260400000,24.77,24.86,24.65,24.68,15186.58
1788264000000,24.67,24.69,24.4,24.43,26465.69
1788267600000,24.42,24.59,23.76,24.04,349421.72
1788271200000,24.04,24.44,23.99,24.16,124233.81
1788274800000,24.15,24.27,23.86,24.11,71023.7
1788278400000,24.12,24.12,23.65,23.71,144952.66
1788282000000,23.71,23.72,23.4,23.42,93093.28
1788285600000,23.42,23.48,23.08,23.35,80535.82
1788289200000,23.35,23.5,23.3,23.41,49422.55
1788292800000,23.4,23.49,23.34,23.49,13210.0
1788296400000,23.49,23.5,23.31,23.35,21292.65
1788300000000,23.34,23.4,23.19,23.28,15165.34
1788303600000,23.27,23.45,23.25,23.39,14278.01
1788307200000,23.4,23.46,23.25,23.27,16008.79
1788310800000,23.26,23.34,22.97,23.13,41793.93
1788314400000,23.12,23.29,23.02,23.27,50325.19
1788318000000,23.27,23.47,23.25,23.3,20265.44
1788321600000,23.29,23.3,23.15,23.3,10050.23
1788325200000,23.31,23.46,23.18,23.38,22342.76
1788328800000,23.39,23.39,23.27,23.33,20083.45
1788332400000,23.34,23.46,23.32,23.37,11231.1
1788336000000,23.37,23.48,22.93,23.01,45965.2
1788339600000,23.01,23.1,22.8,22.88,45266.77
1788343200000,22.87,22.88,22.58,22.78,45974.87
1788346800000,22.78,23.01,22.64,22.97,54634.8
1788350400000,22.97,23.3,22.93,23.02,75022.99
1788354000000,23.02,23.53,22.85,23.21,164036.04
1788357600000,23.2,23.56,23.09,23.19,54563.07
1788361200000,23.19,23.25,23.04,23.14,43246.83
1788364800000,23.14,23.29,23.06,23.09,26829.65
1788368400000,23.09,23.36,23.04,23.35,27629.2
1788372000000,23.35,23.46,23.31,23.37,37463.57
1788375600000,23.36,23.36,23.05,23.12,34908.17
1788379200000,23.11,23.23,23.05,23.11,15623.95
1788382800000,23.11,23.18,23.1,23.17,3949.34
1788386400000,23.16,23.17,22.91,22.94,11462.12
1788390000000,22.93,23.05,22.92,22.99,15858.71
1788393600000,22.98,23.11,22.93,22.99,13822.04
1788397200000,22.97,23.15,22.9,23.05,22906.99
1788400800000,23.05,23.37,23.04,23.3,28439.56
1788404400000,23.31,23.39,23.24,23.35,10163.39
1788408000000,23.36,23.41,23.26,23.41,18503.42
1788411600000,23.41,23.42,22.97,23.32,30376.42
1788415200000,23.32,23.34,23.27,23.32,10006.66
1788418800000,23.32,23.49,23.27,23.29,27471.89
1788422400000,23.3,23.52,23.29,23.37,33537.91
1788426000000,23.37,23.43,23.23,23.24,16933.56
1788429600000,23.23,23.28,23.15,23.25,13373.39
1788433200000,23.26,23.39,23.23,23.36,24777.46
1788436800000,23.36,23.81,23.33,23.77,48984.82
1788440400000,23.77,24.42,23.68,24.38,444535.01
1788444000000,24.38,25.88,24.29,25.86,475584.88
1788447600000,25.87,26.29,25.51,26.29,275989.05
1788451200000,26.29,26.32,25.62,25.84,126528.58
1788454800000,25.84,26.29,25.79,26.13,44119.89
1788458400000,26.13,26.39,26.01,26.37,42653.38
1788462000000,26.37,26.61,26.29,26.44,79259.97
1788465600000,26.44,26.44,26.2,26.22,29060.3
1788469200000,26.23,26.47,26.17,26.26,18673.9
1788472800000,26.26,26.27,25.98,26.11,18868.27
1788476400000,26.12,26.22,26.09,26.2,15173.88
1788480000000,26.2,26.38,26.12,26.18,32194.24
1788483600000,26.18,26.21,26.0,26.17,25260.58
1788487200000,26.17,26.25,26.02,26.25,10432.16
1788490800000,26.25,26.28,26.12,26.13,20757.61
1788494400000,26.12,26.39,26.09,26.15,25066.63
1788498000000,26.15,26.2,26.03,26.1,19918.01
1788501600000,26.1,26.22,26.02,26.08,20497.71
1788505200000,26.09,26.19,26.05,26.06,16711.54
1788508800000,26.08,26.3,26.0,26.24,80742.38
1788512400000,26.24,26.44,26.1,26.13,93796.29
1788516000000,26.12,26.27,26.01,26.26,32898.89
1788519600000,26.26,26.27,26.09,26.18,29247.24
1788523200000,26.18,26.25,24.96,25.19,392388.33
1788526800000,25.2,25.48,24.74,24.92,359188.89
1788530400000,24.92,25.02,24.57,24.62,97746.56
1788534000000,24.62,25.32,24.55,25.15,43689.01
1788537600000,25.14,25.32,24.99,25.24,29529.18
1788541200000,25.24,25.25,24.8,24.81,20197.62
1788544800000,24.82,24.9,24.79,24.87,7885.6
1788548400000,24.87,25.02,24.73,25.0,68866.92
1788552000000,25.0,25.04,24.93,25.03,8540.46
1788555600000,25.03,25.05,24.94,24.96,4340.23
1788559200000,24.95,25.03,24.93,24.93,2823.76
1788562800000,24.94,24.99,24.93,24.98,3474.4
1788566400000,24.98,24.98,24.91,24.91,1667.76
1788570000000,24.93,24.99,24.92,24.92,2313.88
1788573600000,24.92,24.95,24.89,24.92,4333.19
1788577200000,24.93,24.95,24.89,24.91,2705.29
1788580800000,24.91,24.95,24.89,24.9,2680.7
1788584400000,24.9,24.93,24.84,24.9,3633.81
1788588000000,24.91,24.95,24.89,24.93,2753.57
1788591600000,24.93,24.98,24.9,24.95,4775.93
1788595200000,24.94,25.0,24.91,24.97,4626.31
1788598800000,24.98,25.07,24.98,25.01,6296.72
1788602400000,25.01,25.02,24.96,24.98,3215.35
1788606000000,24.98,25.0,24.94,24.95,1778.17
1788609600000,24.95,25.07,24.94,25.01,5118.66
1788613200000,25.01,25.08,24.93,25.02,9034.88
1788616800000,25.01,25.1,25.0,25.08,4234.6
1788620400000,25.07,25.14,25.05,25.12,6259.1
1788624000000,25.13,25.32,25.12,25.27,10743.85
1788627600000,25.27,25.36,25.25,25.33,9573.72
1788631200000,25.33,25.33,25.2,25.28,3347.43
1788634800000,25.28,25.32,25.16,25.23,4886.6
1788638400000,25.24,25.32,25.18,25.21,6702.46
1788642000000,25.21,25.36,25.2,25.3,4639.5
1788645600000,25.31,25.31,25.19,25.23,7876.8
1788649200000,25.22,25.25,25.18,25.2,4361.05
1788652800000,25.21,25.34,25.19,25.3,7686.18
1788656400000,25.31,25.54,25.31,25.48,25981.31
1788660000000,25.49,25.53,25.44,25.52,6660.28
1788663600000,25.52,25.74,25.5,25.66,18136.77
1788667200000,25.67,25.69,25.52,25.62,9971.47
1788670800000,25.63,25.88,25.6,25.87,15242.79
1788674400000,25.87,25.88,25.74,25.78,11639.0
1788678000000,25.78,25.83,25.6,25.7,9837.08
1788681600000,25.71,25.74,25.62,25.72,6630.31
1788685200000,25.72,25.81,25.7,25.79,7562.7
1788688800000,25.8,25.86,25.74,25.84,7299.88
1788692400000,25.84,25.86,25.79,25.83,4172.49
1788696000000,25.82,25.88,25.76,25.78,14678.94
1788699600000,25.77,25.8,25.62,25.69,8480.56
1788703200000,25.68,25.7,25.35,25.44,25433.2
1788706800000,25.44,25.54,25.36,25.52,9661.64
1788710400000,25.51,25.59,25.47,25.55,5430.75
1788714000000,25.54,25.61,25.5,25.6,5825.75
1788717600000,25.59,25.68,25.57,25.67,4907.72
1788721200000,25.67,25.67,25.6,25.63,2857.93
1788724800000,25.63,25.68,25.62,25.67,2113.3
1788728400000,25.68,25.82,25.68,25.74,9572.29
1788732000000,25.75,25.8,25.58,25.78,11488.97
1788735600000,25.78,26.08,25.75,26.02,39710.29
1788739200000,26.01,26.14,25.88,25.95,26772.49
1788742800000,25.95,26.05,25.79,25.85,19071.32
1788746400000,25.84,26.22,25.8,26.01,18698.39
1788750000000,26.01,26.08,25.81,25.83,11960.27
1788753600000,25.82,25.89,25.78,25.89,6018.39
1788757200000,25.88,26.05,25.86,25.93,10999.54
1788760800000,25.93,25.99,25.86,25.88,11156.07
1788764400000,25.87,25.87,25.43,25.54,49637.51
1788768000000,25.54,25.61,25.48,25.52,20741.85
1788771600000,25.53,25.57,25.38,25.39,23484.26
1788775200000,25.39,25.5,25.36,25.42,9076.55
1788778800000,25.41,25.47,25.32,25.35,10201.61
1788782400000,25.35,25.59,25.31,25.55,17399.09
1788786000000,25.55,25.65,25.41,25.44,20374.91
1788789600000,25.43,25.48,25.21,25.33,12629.8
1788793200000,25.33,25.34,25.02,25.12,23104.45
1788796800000,25.13,25.23,25.11,25.21,7364.12
1788800400000,25.21,25.33,25.2,25.29,4280.91
1788804000000,25.3,25.31,25.22,25.25,3029.49
1788807600000,25.25,25.31,25.23,25.31,1711.22
1788811200000,25.31,25.31,25.23,25.28,2246.45
1788814800000,25.27,25.3,25.23,25.25,2846.35
1788818400000,25.24,25.27,25.1,25.18,10508.51
1788822000000,25.17,25.31,25.16,25.27,11402.58
1788825600000,25.27,25.31,25.13,25.26,32603.48
1788829200000,25.25,25.42,25.22,25.41,14295.91
1788832800000,25.42,25.49,25.22,25.23,17442.88
1788836400000,25.23,25.3,25.18,25.25,12557.0
1788840000000,25.25,25.25,25.1,25.15,8778.12
1788843600000,25.14,25.22,24.99,24.99,24437.67
1788847200000,25.0,25.05,24.87,24.95,21941.51
1788850800000,24.95,25.07,24.93,24.96,16039.23
1788854400000,24.96,25.06,24.83,24.96,45535.37
1788858000000,24.95,25.3,24.88,25.22,51873.1
1788861600000,25.22,25.32,25.08,25.1,63105.15
1788865200000,25.1,25.13,24.77,24.86,63135.47
1788868800000,24.85,24.92,24.77,24.82,18979.37
1788872400000,24.81,24.91,24.22,24.44,203006.37
1788876000000,24.45,25.01,24.44,24.88,77988.51
1788879600000,24.87,25.22,24.83,25.18,51369.04
1788883200000,25.19,25.23,24.92,24.95,28257.13
1788886800000,24.95,25.09,24.89,24.93,19104.82
1788890400000,24.93,25.22,24.93,25.13,24757.0
1788894000000,25.13,25.16,24.67,24.81,40221.56
1788897600000,24.81,25.04,24.76,24.94,17990.53
1788901200000,24.94,25.02,24.89,24.92,3372.64
1788904800000,24.92,24.98,24.89,24.97,7638.25
1788908400000,24.96,24.99,24.84,24.87,5600.53
1788912000000,24.88,25.05,24.87,25.02,11175.14
1788915600000,25.02,25.12,24.96,25.11,10094.57
1788919200000,25.11,25.15,25.01,25.06,6349.17
1788922800000,25.06,25.11,24.98,25.0,11101.49
1788926400000,24.99,25.31,24.99,25.31,35361.94
1788930000000,25.31,25.35,25.1,25.17,15356.27
1788933600000,25.17,25.29,25.14,25.22,10664.02
1788937200000,25.21,25.41,25.2,25.35,16052.65
1788940800000,25.36,25.6,25.32,25.53,52764.39
1788944400000,25.53,25.55,25.08,25.13,37503.64
1788948000000,25.14,25.19,25.0,25.05,28492.15
1788951600000,25.05,25.31,24.94,25.2,42804.36
1788955200000,25.21,25.35,25.16,25.31,32162.56
1788958800000,25.31,25.58,24.96,25.05,151379.17
1788962400000,25.05,25.22,24.76,24.87,124080.86
1788966000000,24.86,25.0,24.36,24.55,99456.91
1788969600000,24.55,24.7,24.44,24.56,46429.51
1788973200000,24.56,24.84,24.48,24.75,29401.7
1788976800000,24.76,24.78,24.3,24.35,22855.13
1788980400000,24.34,24.57,24.15,24.24,35423.03
1788984000000,24.24,24.3,24.12,24.28,24309.21
1788987600000,24.28,24.33,24.16,24.18,7631.14
1788991200000,24.19,24.21,23.97,24.0,29058.59
1788994800000,24.0,24.14,24.0,24.12,9955.69
1788998400000,24.12,24.24,24.11,24.15,16993.29
1789002000000,24.15,24.34,24.07,24.19,15365.88
1789005600000,24.19,24.27,24.07,24.24,19020.27
1789009200000,24.24,24.3,24.22,24.27,9157.22
1789012800000,24.26,24.36,24.26,24.34,7856.63
1789016400000,24.34,24.48,24.24,24.46,27772.08
1789020000000,24.47,24.47,24.3,24.38,13084.98
1789023600000,24.38,24.38,24.18,24.29,18995.03
1789027200000,24.29,24.3,24.13,24.19,57541.47
1789030800000,24.2,24.35,24.14,24.25,52043.64
1789034400000,24.25,24.31,24.16,24.16,41089.22
1789038000000,24.16,24.29,24.06,24.1,49376.79
1789041600000,24.1,24.13,23.42,23.46,149555.99
1789045200000,23.46,24.45,23.38,24.4,329284.99
1789048800000,24.41,24.7,24.19,24.48,86809.61
1789052400000,24.47,24.48,24.07,24.26,174324.89
1789056000000,24.27,24.3,23.98,24.21,54644.08
1789059600000,24.2,24.58,24.17,24.39,44067.62
1789063200000,24.39,24.44,24.15,24.43,19588.28
1789066800000,24.43,24.45,24.21,24.23,36044.45
1789070400000,24.23,24.29,23.96,24.02,136988.28
1789074000000,24.03,24.11,23.99,24.1,19148.37
1789077600000,24.1,24.11,23.98,24.0,17840.68
1789081200000,24.0,24.03,23.53,23.71,331225.38
1789084800000,23.73,24.01,23.71,23.99,32958.81
1789088400000,23.99,24.11,23.92,23.99,28040.93
1789092000000,24.0,24.02,23.86,23.89,12622.09
1789095600000,23.88,23.95,23.81,23.93,9679.38
1789099200000,23.94,24.13,23.9,24.08,12501.27
1789102800000,24.08,24.21,24.02,24.2,11861.78
1789106400000,24.2,24.25,24.15,24.22,10185.08
1789110000000,24.22,24.31,24.17,24.2,16009.95
1789113600000,24.2,24.33,24.07,24.26,46932.19
1789117200000,24.26,24.26,24.07,24.18,15668.47
1789120800000,24.17,24.24,24.09,24.11,10588.86
1789124400000,24.1,24.11,23.91,23.99,99529.27
1789128000000,23.99,25.05,23.67,24.94,293127.75
1789131600000,24.94,26.63,24.29,26.51,607596.42
1789135200000,26.51,26.99,25.95,26.26,538713.18
1789138800000,26.26,26.28,25.32,25.39,122582.33
1789142400000,25.39,25.62,25.05,25.56,180363.84
1789146000000,25.55,25.65,25.31,25.48,56383.53
1789149600000,25.47,25.48,24.82,25.05,80414.05
1789153200000,25.05,25.34,24.98,25.08,54299.98
1789156800000,25.06,25.2,25.02,25.11,27391.25
1789160400000,25.12,25.21,24.99,25.04,6983.93
1789164000000,25.04,25.1,24.95,25.0,17021.14
1789167600000,24.99,25.03,24.93,25.0,7376.18
1789171200000,24.99,25.05,24.98,24.99,5584.33
1789174800000,24.98,25.06,24.93,25.02,5556.83
1789178400000,25.02,25.05,24.94,24.98,3186.08
1789182000000,24.97,24.99,24.91,24.93,3766.12
1789185600000,24.94,24.95,24.9,24.93,1535.51
1789189200000,24.93,24.95,24.9,24.93,2366.55
1789192800000,24.94,25.0,24.9,24.97,1709.61
1789196400000,24.97,25.04,24.96,25.03,6135.98
1789200000000,25.04,25.13,25.02,25.09,6344.61
1789203600000,25.09,25.13,25.08,25.12,4173.25
1789207200000,25.11,25.18,25.11,25.15,3290.11
1789210800000,25.16,25.22,25.13,25.21,3296.97
1789214400000,25.21,25.24,25.2,25.24,2270.32
1789218000000,25.23,25.27,25.1,25.18,9462.15
1789221600000,25.18,25.18,25.14,25.15,2684.41
1789225200000,25.14,25.21,25.12,25.16,4411.18
1789228800000,25.16,25.17,25.13,25.16,3453.04
1789232400000,25.15,25.18,25.1,25.11,2250.56
1789236000000,25.11,25.11,25.05,25.08,3409.67
1789239600000,25.09,25.1,25.02,25.07,4659.99
1789243200000,25.07,25.1,25.05,25.08,1409.66
1789246800000,25.08,25.15,25.0,25.03,7832.28
1789250400000,25.02,25.04,24.99,25.04,3399.26
1789254000000,25.04,25.06,25.02,25.02,2293.19
1789257600000,25.02,25.07,25.01,25.07,1429.16
1789261200000,25.06,25.07,25.01,25.03,1834.28
1789264800000,25.02,25.02,24.96,24.98,2817.42
1789268400000,24.97,25.03,24.94,24.97,3816.29
1789272000000,24.97,25.01,24.96,24.96,1053.17
1789275600000,24.96,24.99,24.96,24.97,1361.65
1789279200000,24.97,24.98,24.84,24.86,3400.17
1789282800000,24.86,24.94,24.85,24.9,1796.48
1789286400000,24.9,24.9,24.62,24.65,15361.62
1789290000000,24.65,24.71,23.91,24.33,92983.91
1789293600000,24.33,24.35,24.23,24.26,21669.94
1789297200000,24.26,24.29,24.17,24.25,24171.82
1789300800000,24.25,24.32,24.23,24.28,11555.73
1789304400000,24.27,24.41,24.09,24.39,10981.81
1789308000000,24.38,24.53,24.37,24.5,7351.95
1789311600000,24.5,24.52,24.41,24.48,6588.61
1789315200000,24.48,24.67,24.48,24.61,12822.96
1789318800000,24.62,24.71,24.62,24.66,3548.58
1789322400000,24.66,24.71,24.65,24.69,1313.89
1789326000000,24.69,24.74,24.63,24.65,3152.34
1789329600000,24.65,24.75,24.65,24.71,2068.44
1789333200000,24.72,24.77,24.68,24.69,4850.61
1789336800000,24.68,24.68,24.26,24.32,34672.31
1789340400000,24.32,24.35,24.19,24.23,39441.16
1789344000000,24.22,24.71,24.19,24.37,60006.31
1789347600000,24.35,24.51,24.21,24.49,49786.08
1789351200000,24.49,24.8,24.47,24.78,27605.18
1789354800000,24.8,25.0,24.77,24.81,37944.35
1789358400000,24.82,24.89,24.78,24.87,12690.64
1789362000000,24.88,24.88,24.68,24.79,20760.73
1789365600000,24.8,24.97,24.77,24.84,25090.29
1789369200000,24.84,24.95,24.8,24.92,33024.08
1789372800000,24.92,24.96,24.68,24.81,43869.39
1789376400000,24.83,25.14,24.62,25.02,88854.44
1789380000000,25.02,25.04,24.88,24.93,24781.39
1789383600000,24.93,25.04,24.76,24.89,32315.66
1789387200000,24.9,24.99,24.63,24.66,39585.01
1789390800000,24.65,25.34,24.4,25.09,309351.94
1789394400000,25.1,25.53,24.79,24.91,225211.24
1789398000000,24.92,25.24,24.8,25.16,93244.64
1789401600000,25.15,25.64,25.09,25.45,110879.48
1789405200000,25.46,25.95,25.4,25.86,103078.12
1789408800000,25.87,25.96,25.53,25.62,76852.38
1789412400000,25.62,25.87,25.5,25.75,69190.18
1789416000000,25.74,26.6,25.63,25.86,139964.97
1789419600000,25.87,25.88,25.52,25.58,27560.57
1789423200000,25.58,25.62,25.37,25.47,26228.06
1789426800000,25.46,25.48,25.29,25.32,12386.67
1789430400000,25.32,25.39,25.19,25.26,15672.49
1789434000000,25.25,25.37,25.14,25.29,18814.02
1789437600000,25.28,25.33,25.18,25.24,14046.64
1789441200000,25.23,25.23,25.0,25.01,19325.12
1789444800000,25.01,25.05,24.88,24.89,12809.63
1789448400000,24.88,25.05,24.71,24.99,28905.62
1789452000000,24.99,25.05,24.8,24.86,15655.81
1789455600000,24.86,24.89,24.66,24.7,22751.16
1789459200000,24.71,24.79,24.37,24.76,85052.58
1789462800000,24.76,24.84,24.63,24.75,22258.48
1789466400000,24.75,24.94,24.68,24.91,21766.62
1789470000000,24.92,24.98,24.71,24.79,18502.99
1789473600000,24.79,24.93,24.71,24.75,31363.86
1789477200000,24.74,24.81,24.08,24.53,300585.4
1789480800000,24.53,24.66,23.79,23.93,113925.95
1789484400000,23.92,24.51,23.85,24.43,155780.91
1789488000000,24.43,24.48,24.26,24.27,49404.79
1789491600000,24.29,24.37,23.98,24.23,145168.1
1789495200000,24.23,24.24,23.05,23.91,424356.35
1789498800000,23.92,24.22,23.57,23.67,277347.32
1789502400000,23.67,23.74,23.32,23.5,60038.82
1789506000000,23.49,23.52,23.26,23.28,23182.97
1789509600000,23.27,23.36,23.06,23.29,59011.9
1789513200000,23.29,23.4,23.22,23.24,28350.92
1789516800000,23.23,23.41,23.21,23.33,15775.92
1789520400000,23.33,23.39,23.16,23.17,25409.91
1789524000000,23.17,23.48,23.17,23.37,18427.81
1789527600000,23.38,23.51,23.33,23.39,21077.8
1789531200000,23.39,23.47,23.36,23.41,16373.78
1789534800000,23.41,23.53,23.33,23.5,17411.56
1789538400000,23.51,23.53,23.36,23.42,12596.97
1789542000000,23.43,23.51,23.37,23.38,15197.37
1789545600000,23.39,23.48,23.18,23.45,47512.36
1789549200000,23.46,23.54,23.39,23.54,22790.48
1789552800000,23.53,23.58,23.44,23.58,13649.27
1789556400000,23.59,23.84,23.57,23.78,39964.59
1789560000000,23.76,23.84,23.52,23.59,37779.16
1789563600000,23.58,23.64,23.04,23.15,175199.51
1789567200000,23.14,23.17,22.75,22.91,205252.19
1789570800000,22.91,23.01,22.69,22.84,51030.27
1789574400000,22.84,22.87,22.68,22.73,41055.99
1789578000000,22.74,22.79,22.51,22.74,51625.81
1789581600000,22.74,23.23,22.37,22.42,322114.72
1789585200000,22.42,22.88,22.2,22.86,138416.03
1789588800000,22.85,23.11,22.85,22.94,45014.99
1789592400000,22.94,22.97,22.81,22.83,11412.43
1789596000000,22.83,22.83,22.56,22.67,30134.59
1789599600000,22.67,23.01,22.65,22.96,50974.45
1789603200000,22.97,23.27,22.97,23.15,47375.49
1789606800000,23.16,23.45,23.03,23.28,48271.15
1789610400000,23.28,23.35,23.12,23.27,30626.37
1789614000000,23.28,23.41,23.27,23.41,21121.22
1789617600000,23.39,23.47,23.28,23.46,14003.52
1789621200000,23.46,23.5,23.34,23.36,17789.27
1789624800000,23.35,23.57,23.34,23.51,15633.84
1789628400000,23.51,23.67,23.49,23.58,23233.87
1789632000000,23.59,23.66,23.45,23.55,50368.41
1789635600000,23.54,23.62,23.46,23.46,82797.24
1789639200000,23.45,23.45,23.31,23.35,27526.17
1789642800000,23.35,23.39,23.2,23.39,30294.31
1789646400000,23.4,23.69,23.32,23.47,119865.54
1789650000000,23.48,24.03,23.29,24.01,778797.51
1789653600000,24.01,24.61,23.86,24.03,339273.46
1789657200000,24.03,24.09,23.56,23.99,138404.6
1789660800000,24.0,24.4,23.98,24.39,150035.82
1789664400000,24.39,24.49,24.25,24.36,178189.36
1789668000000,24.35,24.4,23.96,24.02,98345.51
1789671600000,24.01,24.12,23.82,23.93,118592.46
1789675200000,23.93,24.13,23.89,24.02,21337.14
1789678800000,24.01,24.05,23.93,23.93,8086.04
1789682400000,23.92,23.96,23.81,23.92,20017.21
1789686000000,23.92,24.01,23.89,23.91,14724.84
1789689600000,23.9,23.94,23.8,23.93,14261.69
1789693200000,23.94,24.1,23.9,24.08,10921.98
1789696800000,24.07,24.24,24.02,24.18,11707.39
1789700400000,24.17,24.45,24.16,24.36,40809.46
1789704000000,24.36,24.49,24.29,24.49,20465.8
1789707600000,24.49,24.56,24.41,24.45,26113.5
1789711200000,24.45,24.58,24.45,24.57,17171.79
1789714800000,24.57,24.68,24.55,24.63,28307.34
1789718400000,24.63,24.86,24.53,24.85,49334.22
1789722000000,24.85,25.0,24.72,24.81,120147.84
1789725600000,24.81,24.93,24.8,24.87,30676.02
1789729200000,24.88,24.94,24.64,24.83,55471.59
1789732800000,24.84,24.88,24.69,24.74,35582.52
1789736400000,24.74,25.74,24.64,25.45,388726.09
1789740000000,25.44,25.9,25.27,25.89,433965.17
1789743600000,25.89,25.92,25.46,25.65,131454.91
1789747200000,25.65,25.99,25.57,25.76,60391.2
1789750800000,25.76,26.08,25.57,26.04,50624.39
1789754400000,26.04,26.18,25.95,26.08,75330.39
1789758000000,26.08,26.39,25.99,26.01,170288.17
1789761600000,26.02,26.03,25.71,25.95,203556.4
1789765200000,25.95,26.03,25.91,25.96,24088.37
1789768800000,25.98,26.03,25.91,25.95,23373.68
1789772400000,25.95,25.97,25.82,25.88,10982.78
1789776000000,25.88,26.01,25.83,26.01,30396.77
1789779600000,26.0,26.0,25.72,25.84,14088.27
1789783200000,25.83,25.95,25.83,25.87,11377.23
1789786800000,25.87,25.98,25.85,25.92,15236.6
1789790400000,25.93,25.98,25.77,25.86,9473.29
1789794000000,25.86,25.98,25.85,25.92,6713.14
1789797600000,25.92,25.98,25.82,25.94,8228.55
1789801200000,25.94,26.12,25.91,26.1,10478.95
1789804800000,26.09,26.35,26.06,26.24,17342.13
1789808400000,26.25,26.38,26.15,26.24,14443.52
1789812000000,26.24,26.27,26.16,26.17,6134.99
1789815600000,26.17,26.26,26.16,26.19,8204.27
1789819200000,26.19,26.28,26.17,26.21,9664.46
1789822800000,26.21,26.24,26.12,26.2,9748.57
1789826400000,26.19,26.29,26.17,26.23,9102.04
1789830000000,26.22,26.39,26.16,26.22,17843.7
1789833600000,26.22,26.34,26.16,26.32,6823.62
1789837200000,26.31,26.41,26.14,26.21,15537.85
1789840800000,26.2,26.23,26.09,26.16,9959.5
1789844400000,26.15,26.19,26.05,26.09,8831.71
1789848000000,26.09,26.13,26.04,26.08,5888.03
1789851600000,26.09,26.12,25.93,26.0,7673.64
1789855200000,26.0,26.09,25.96,26.07,4240.75
1789858800000,26.07,26.13,26.04,26.08,2749.01
1789862400000,26.08,26.1,26.03,26.07,3795.79
1789866000000,26.07,26.07,25.94,26.01,6051.49
1789869600000,26.01,26.06,25.51,25.57,49784.67
1789873200000,25.56,25.71,25.51,25.64,18743.84
1789876800000,25.63,25.65,25.46,25.49,12029.44
1789880400000,25.49,25.57,25.3,25.4,23892.19
1789884000000,25.4,25.52,25.36,25.43,13365.75
1789887600000,25.44,25.49,25.41,25.44,7002.98
1789891200000,25.44,25.52,25.33,25.39,6817.01
1789894800000,25.38,25.48,25.37,25.39,5893.09
1789898400000,25.4,25.47,25.35,25.36,5097.53
1789902000000,25.36,25.48,25.33,25.43,6486.76
1789905600000,25.43,25.48,25.36,25.46,4688.83
1789909200000,25.47,25.52,25.43,25.47,7319.08
1789912800000,25.47,25.54,25.33,25.43,16690.46
1789916400000,25.44,25.72,25.44,25.69,45693.68
1789920000000,25.69,26.06,25.64,25.99,24147.62
1789923600000,25.98,26.06,25.81,25.88,29316.85
1789927200000,25.87,26.01,25.82,25.86,15829.22
1789930800000,25.86,25.95,25.85,25.87,2853.59
1789934400000,25.88,25.98,25.85,25.88,6726.29
1789938000000,25.88,25.9,25.71,25.85,11139.55
1789941600000,25.86,26.23,25.85,26.19,36009.77
1789945200000,26.18,26.24,26.13,26.2,18822.24
1789948800000,26.21,26.95,26.17,26.76,139076.1
1789952400000,26.75,26.9,26.19,26.25,88279.88
1789956000000,26.25,26.55,26.19,26.48,35321.2
1789959600000,26.49,26.6,26.45,26.53,19111.28
1789963200000,26.54,26.61,26.38,26.54,32877.9
1789966800000,26.54,26.64,26.42,26.54,13615.77
1789970400000,26.55,26.72,26.47,26.58,47157.46
1789974000000,26.56,26.62,26.41,26.54,62678.52
1789977600000,26.53,27.34,26.52,27.1,197486.88
1789981200000,27.1,27.69,27.05,27.31,143324.58
1789984800000,27.32,27.35,27.16,27.24,65734.64
1789988400000,27.24,27.45,27.21,27.43,50218.01
1789992000000,27.43,27.61,27.3,27.56,61299.51
1789995600000,27.56,28.07,27.12,27.51,324500.81
1789999200000,27.52,27.73,27.3,27.45,142438.1
1790002800000,27.45,27.69,27.36,27.51,99548.75
1790006400000,27.5,27.93,27.45,27.83,102765.73
1790010000000,27.83,27.87,27.55,27.67,69898.19
1790013600000,27.67,27.99,27.63,27.95,88399.48
1790017200000,27.96,28.36,27.95,28.23,76979.29
1790020800000,28.23,28.62,28.19,28.42,75354.92
1790024400000,28.42,28.44,28.26,28.31,37491.68
1790028000000,28.31,28.41,28.24,28.37,23259.98
1790031600000,28.37,28.52,28.36,28.51,28365.04
1790035200000,28.51,28.52,28.06,28.06,38943.05
1790038800000,28.07,28.09,27.75,27.85,89030.98
1790042400000,27.86,27.95,27.74,27.87,23960.72
1790046000000,27.87,27.9,27.67,27.85,17359.92
1790049600000,27.84,27.86,27.55,27.61,18199.08
1790053200000,27.61,27.71,27.35,27.6,37317.07
1790056800000,27.6,27.63,27.41,27.52,18084.02
1790060400000,27.52,27.62,27.44,27.52,26964.4
1790064000000,27.52,28.13,27.4,28.0,69547.03
1790067600000,27.99,28.09,27.74,28.08,48043.6
1790071200000,28.08,28.18,27.98,28.09,41340.65
1790074800000,28.09,28.16,27.77,27.86,67934.65
1790078400000,27.86,28.02,27.79,28.01,32794.61
1790082000000,28.01,28.45,27.85,28.27,164210.37
1790085600000,28.27,28.38,27.73,27.92,111053.88
1790089200000,27.93,28.34,27.89,27.97,81532.9
1790092800000,27.96,28.38,27.88,28.33,79223.16
1790096400000,28.33,28.64,28.29,28.61,52028.88
1790100000000,28.62,28.7,28.49,28.68,40350.02
1790103600000,28.69,28.88,28.53,28.75,38446.2
1790107200000,28.75,28.81,28.65,28.74,17595.53
1790110800000,28.73,28.77,28.66,28.69,11220.02
1790114400000,28.7,28.75,28.6,28.68,22809.21
1790118000000,28.69,28.94,28.69,28.87,65629.3
1790121600000,28.88,29.05,28.79,28.97,22330.54
1790125200000,28.97,29.18,28.85,28.94,22213.48
1790128800000,28.94,29.07,28.88,29.07,8910.0
1790132400000,29.06,29.33,29.0,29.19,19493.5
1790136000000,29.19,29.41,29.15,29.32,33191.94
1790139600000,29.32,29.33,29.02,29.03,14625.02
1790143200000,29.03,29.11,28.92,28.94,16625.12
1790146800000,28.94,28.95,28.7,28.77,27219.92
1790150400000,28.78,28.87,28.4,28.56,81243.08
1790154000000,28.56,28.72,28.46,28.54,46498.3
1790157600000,28.54,28.65,28.41,28.64,21992.47
1790161200000,28.64,28.65,27.96,28.1,197721.45
1790164800000,28.1,28.14,27.94,28.0,102711.52
1790168400000,28.0,28.55,27.9,28.15,186838.18
1790172000000,28.15,28.32,27.27,27.77,262341.03
1790175600000,27.78,27.98,27.46,27.49,74857.6
1790179200000,27.48,27.62,27.29,27.4,393521.95
1790182800000,27.4,27.62,27.33,27.6,49253.01
1790186400000,27.6,27.65,27.4,27.6,40511.85
1790190000000,27.61,27.66,27.41,27.45,54825.27
1790193600000,27.44,27.5,27.37,27.43,22325.95
1790197200000,27.42,27.57,27.41,27.53,33317.97
1790200800000,27.54,27.87,27.52,27.85,104426.82
1790204400000,27.84,27.84,27.71,27.72,47040.91
1790208000000,27.73,27.8,27.54,27.59,21069.29
1790211600000,27.6,27.74,27.5,27.51,12355.89
1790215200000,27.51,27.66,27.32,27.64,23041.14
1790218800000,27.64,27.68,27.36,27.43,44550.89
1790222400000,27.43,27.53,27.29,27.52,17728.97
1790226000000,27.53,27.77,27.5,27.51,16751.35
1790229600000,27.52,27.53,27.44,27.45,14449.77
1790233200000,27.46,27.74,27.38,27.61,21587.59
1790236800000,27.6,27.66,26.88,27.13,110373.18
1790240400000,27.14,27.23,26.73,26.94,89934.57
1790244000000,26.93,27.03,26.89,26.93,48149.8
1790247600000,26.93,27.02,26.86,26.96,34922.26
1790251200000,26.96,27.09,26.85,27.03,18908.28
1790254800000,27.04,28.06,27.03,27.56,156350.31
1790258400000,27.56,28.33,27.49,27.68,120909.56
1790262000000,27.67,27.95,27.56,27.85,55355.09
1790265600000,27.84,28.18,27.56,27.96,58892.09
1790269200000,27.95,28.0,27.56,27.68,35935.37
1790272800000,27.68,27.97,27.52,27.91,29185.7
1790276400000,27.91,28.27,27.8,28.02,48810.8
1790280000000,28.03,28.05,27.84,27.94,22249.78
1790283600000,27.93,28.01,27.92,27.96,5695.26
1790287200000,27.96,28.02,27.86,27.99,42898.39
1790290800000,28.0,28.08,27.99,27.99,12926.1
1790294400000,28.0,28.16,27.97,28.09,15454.46
1790298000000,28.09,28.24,27.98,28.07,13936.02
1790301600000,28.08,28.24,27.99,28.01,14031.44
1790305200000,28.02,28.12,27.99,28.03,12142.92
1790308800000,28.04,28.12,27.97,28.04,6676.56
1790312400000,28.04,28.13,28.01,28.08,6253.31
1790316000000,28.08,28.09,27.89,27.94,11699.92
1790319600000,27.93,27.99,27.83,27.85,10913.39
1790323200000,27.85,28.19,27.81,28.15,23829.49
1790326800000,28.15,28.52,28.14,28.35,36876.45
1790330400000,28.35,28.53,28.19,28.46,19669.16
1790334000000,28.47,28.76,28.42,28.44,33673.85
1790337600000,28.44,28.53,28.13,28.4,33444.88
1790341200000,28.4,28.45,27.36,27.49,203181.25
1790344800000,27.49,27.61,27.21,27.53,131696.14
1790348400000,27.53,27.67,26.94,27.42,94523.49
1790352000000,27.43,27.64,27.35,27.4,45110.73
1790355600000,27.4,27.54,27.33,27.42,18481.05
1790359200000,27.43,27.66,27.36,27.56,26166.78
1790362800000,27.57,27.69,27.51,27.55,33377.18
1790366400000,27.55,27.56,27.42,27.45,14055.98
1790370000000,27.44,27.5,27.38,27.48,6512.39
1790373600000,27.49,27.57,27.47,27.56,2889.4
1790377200000,27.56,27.62,27.55,27.56,4228.24
1790380800000,27.56,27.59,27.45,27.52,4495.37
1790384400000,27.52,27.59,27.51,27.56,2680.81
1790388000000,27.55,27.59,27.51,27.51,1753.74
1790391600000,27.51,27.55,27.43,27.46,7029.36
1790395200000,27.47,27.53,27.43,27.48,2084.97
1790398800000,27.48,27.49,27.41,27.43,1795.75
1790402400000,27.42,27.44,27.21,27.3,11661.76
1790406000000,27.3,27.36,27.3,27.33,3930.59
1790409600000,27.33,27.46,27.27,27.35,7077.32
1790413200000,27.34,27.35,27.18,27.2,5494.74
1790416800000,27.2,27.29,27.2,27.28,3778.39
1790420400000,27.28,27.3,27.25,27.27,1930.98
1790424000000,27.28,27.32,27.25,27.29,3164.8
1790427600000,27.28,27.32,27.21,27.23,3731.28
1790431200000,27.23,27.32,27.22,27.27,3611.43
1790434800000,27.27,27.46,27.24,27.4,5427.78
1790438400000,27.39,27.41,27.35,27.38,3020.75
1790442000000,27.38,27.38,27.33,27.35,1219.87
1790445600000,27.35,27.37,27.28,27.3,1069.36
1790449200000,27.29,27.34,27.28,27.29,1100.98
1790452800000,27.3,27.31,27.17,27.31,11498.8
1790456400000,27.31,27.39,27.28,27.31,2939.84
1790460000000,27.31,27.37,27.31,27.33,2343.68
1790463600000,27.33,27.41,27.33,27.4,3064.97
1790467200000,27.4,27.41,27.33,27.38,2159.01
1790470800000,27.38,27.59,27.37,27.58,14057.13
1790474400000,27.58,27.64,27.56,27.59,10601.67
1790478000000,27.59,27.62,27.52,27.54,3414.31
1790481600000,27.54,27.59,27.5,27.52,2035.12
1790485200000,27.52,27.69,27.52,27.62,3152.91
1790488800000,27.62,27.73,27.61,27.72,4220.58
1790492400000,27.72,27.83,27.72,27.82,6004.49
1790496000000,27.82,27.85,27.77,27.81,6867.96
1790499600000,27.79,27.85,27.72,27.84,6169.34
1790503200000,27.84,27.88,27.79,27.83,3677.56
1790506800000,27.82,27.87,27.8,27.86,1839.42
1790510400000,27.85,27.94,27.85,27.85,3926.5
1790514000000,27.85,27.97,27.78,27.88,17202.15
1790517600000,27.88,27.91,27.65,27.67,10979.4
1790521200000,27.67,27.71,27.62,27.65,9011.33
1790524800000,27.65,27.76,27.62,27.63,4313.99
1790528400000,27.63,27.7,27.61,27.67,3505.55
1790532000000,27.67,27.74,27.64,27.72,3098.05
1790535600000,27.73,27.75,27.68,27.7,2281.78
1790539200000,27.7,27.77,27.68,27.69,2282.5
1790542800000,27.7,27.77,27.67,27.7,2627.03
1790546400000,27.71,27.73,27.53,27.57,9093.55
1790550000000,27.57,27.73,27.56,27.71,8287.02
1790553600000,27.7,27.7,27.31,27.32,31367.06
1790557200000,27.31,27.38,27.07,27.1,26282.62
1790560800000,27.08,27.15,26.98,27.01,15591.6
1790564400000,27.01,27.07,26.87,26.93,12871.58
1790568000000,26.94,27.05,26.88,27.01,6671.61
1790571600000,27.01,27.06,26.69,26.9,20479.22
1790575200000,26.9,27.02,26.82,26.88,21306.69
1790578800000,26.88,26.97,26.73,26.75,12602.04
1790582400000,26.74,26.87,26.71,26.8,24998.01
1790586000000,26.79,26.84,26.62,26.68,25248.83
1790589600000,26.68,26.99,26.68,26.91,12810.2
1790593200000,26.92,27.2,26.92,27.15,37488.34
1790596800000,27.16,27.49,27.1,27.4,72198.55
1790600400000,27.4,27.85,27.19,27.73,188294.04
1790604000000,27.73,27.73,26.96,27.15,59659.66
1790607600000,27.15,27.44,27.12,27.44,34109.34
1790611200000,27.44,27.86,27.28,27.49,55032.52
1790614800000,27.49,27.95,27.37,27.92,94087.72
1790618400000,27.9,27.94,27.43,27.5,28935.93
1790622000000,27.49,27.49,26.76,26.87,105593.06
1790625600000,26.86,27.01,26.85,26.94,18314.9
1790629200000,26.94,27.01,26.88,26.9,10623.62
1790632800000,26.9,27.0,26.82,26.98,9151.2
1790636400000,26.98,27.04,26.94,27.01,8275.54
1790640000000,27.01,27.22,26.9,26.9,19480.86
1790643600000,26.89,26.96,26.68,26.8,42798.24
1790647200000,26.81,26.84,26.67,26.74,9580.51
1790650800000,26.75,26.9,26.73,26.81,5724.3
1790654400000,26.82,26.91,26.76,26.84,7904.08
1790658000000,26.85,26.98,26.72,26.96,26535.76
1790661600000,26.97,27.38,26.96,27.33,35653.19
1790665200000,27.33,27.62,27.24,27.57,24745.8
1790668800000,27.57,27.79,27.46,27.52,37767.53
1790672400000,27.52,27.7,27.35,27.64,16710.29
1790676000000,27.64,27.66,27.49,27.55,15539.72
1790679600000,27.55,27.72,27.43,27.65,48814.59
1790683200000,27.64,27.85,27.63,27.75,33704.41
1790686800000,27.73,27.89,27.14,27.15,227706.72
1790690400000,27.15,27.28,26.88,26.95,87345.53
1790694000000,26.95,26.95,26.39,26.57,158268.7
1790697600000,26.57,26.67,26.43,26.52,36778.55
1790701200000,26.52,26.72,26.46,26.49,22070.48
1790704800000,26.49,26.83,26.49,26.75,29904.99
1790708400000,26.75,26.88,26.59,26.78,37172.59
1790712000000,26.79,26.91,26.74,26.85,16274.65
1790715600000,26.85,26.85,26.68,26.77,29775.02
1790719200000,26.76,26.84,26.75,26.79,9995.34
1790722800000,26.8,26.85,26.76,26.82,7746.16
1790726400000,26.81,26.83,26.68,26.74,13068.86
1790730000000,26.75,26.81,26.68,26.73,6685.0
1790733600000,26.73,26.82,26.58,26.71,9822.54
1790737200000,26.73,26.77,26.65,26.68,10214.26
1790740800000,26.68,26.76,26.65,26.66,12475.34
1790744400000,26.66,26.75,26.62,26.69,5529.29
1790748000000,26.69,26.71,26.5,26.56,8841.85
1790751600000,26.56,26.78,26.54,26.75,9740.16
1790755200000,26.76,26.8,26.59,26.66,19044.55
1790758800000,26.66,27.02,26.65,26.89,31960.5
1790762400000,26.89,27.16,26.87,26.96,40032.17
1790766000000,26.95,27.04,26.84,27.04,19957.78
1790769600000,27.03,27.64,26.9,27.52,124198.85
1790773200000,27.52,27.99,26.66,27.0,531611.54
1790776800000,27.01,27.02,26.28,26.51,224087.39
1790780400000,26.5,26.78,26.45,26.64,55279.14
1790784000000,26.64,26.9,26.63,26.78,112254.94
1790787600000,26.78,26.85,26.61,26.65,34553.35
1790791200000,26.64,26.71,26.46,26.65,39260.17
1790794800000,26.65,26.66,26.42,26.47,44076.56
1790798400000,26.48,26.57,26.41,26.53,76298.71
1790802000000,26.55,26.57,26.46,26.49,26267.7
1790805600000,26.49,26.58,26.46,26.52,7938.01
1790809200000,26.52,26.58,26.46,26.48,15053.77
1790812800000,26.48,26.57,26.45,26.52,10927.53
1790816400000,26.53,26.65,26.52,26.63,19297.8
1790820000000,26.63,26.71,26.58,26.63,16976.58
1790823600000,26.63,26.78,26.59,26.76,10751.68
1790827200000,26.77,26.94,26.74,26.88,14140.55
1790830800000,26.9,27.08,26.86,27.05,12064.34
1790834400000,27.06,27.07,26.89,26.91,16014.14
1790838000000,26.91,26.99,26.55,26.56,41462.66
1790841600000,26.57,26.62,26.42,26.58,24945.46
1790845200000,26.58,26.79,26.58,26.68,11125.78
1790848800000,26.68,26.84,26.47,26.78,32646.97
1790852400000,26.79,26.8,26.64,26.78,18348.96
1790856000000,26.78,26.88,26.65,26.69,32471.76
1790859600000,26.7,27.38,26.33,26.89,461068.85
1790863200000,26.88,26.96,26.53,26.71,256003.16
1790866800000,26.72,26.81,26.47,26.57,120834.31
1790870400000,26.57,26.75,26.49,26.55,64428.57
1790874000000,26.54,27.2,26.54,26.85,192080.09
1790877600000,26.85,26.87,26.6,26.82,199142.78
1790881200000,26.81,27.0,26.63,26.78,109834.2
1790884800000,26.79,26.84,26.71,26.74,12907.81
1790888400000,26.74,26.79,26.73,26.78,7780.76
1790892000000,26.77,26.85,26.77,26.83,5299.08
1790895600000,26.82,26.88,26.79,26.88,3674.4
1790899200000,26.88,26.9,26.81,26.87,5491.61
1790902800000,26.88,26.97,26.77,26.96,7343.18
1790906400000,26.97,27.09,26.87,27.08,20093.09
1790910000000,27.08,27.16,27.03,27.13,15415.01
1790913600000,27.13,27.5,27.09,27.45,60359.44
1790917200000,27.46,27.46,27.06,27.16,28672.11
1790920800000,27.18,27.31,27.16,27.25,23578.39
1790924400000,27.24,27.38,27.15,27.28,17749.7
1790928000000,27.27,27.77,27.24,27.62,47210.53
